user_id,age_group,city_tier,subscription_date,subscription_plan,last_active_date,plan_change_date,new_subscription_plan
UIDLC00000bea68a,25-34,"Tier 3",2024-10-24,Free,NULL,NULL,NULL
UIDLC00009202848,18-24,"Tier 1",2024-09-18,Basic,NULL,NULL,NULL
UIDLC0001086afc3,35-44,"Tier 2",2024-03-23,Premium,NULL,2024-04-23,Free
UIDLC000186abd93,18-24,"Tier 3",2024-09-07,Free,2024-10-23,NULL,NULL
UIDLC0002189b09f,18-24,"Tier 2",2024-10-07,Premium,NULL,2024-11-07,Free
UIDLC000362cba39,25-34,"Tier 3",2024-06-09,Free,2024-07-29,NULL,NULL
UIDLC000436e2f4d,45+,"Tier 3",2024-09-04,Premium,NULL,NULL,NULL
UIDLC00044a5d021,45+,"Tier 2",2024-07-22,Free,2024-09-15,NULL,NULL
UIDLC00044bbb294,25-34,"Tier 2",2024-04-09,Free,NULL,2024-09-09,Basic
UIDLC00047bf87da,18-24,"Tier 1",2024-10-29,Free,NULL,NULL,NULL
UIDLC0004a8ea55f,25-34,"Tier 2",2024-06-14,Free,2024-08-11,NULL,NULL
UIDLC0004fc2b86c,25-34,"Tier 3",2024-04-05,Free,2024-05-18,NULL,NULL
UIDLC0005925611f,25-34,"Tier 3",2024-07-08,Free,NULL,NULL,NULL
UIDLC00066e8361c,18-24,"Tier 3",2024-08-18,Basic,2024-10-10,NULL,NULL
UIDLC00071c2ebb1,18-24,"Tier 2",2024-11-24,Free,NULL,NULL,NULL
UIDLC000728b5ce1,45+,"Tier 3",2024-08-27,Basic,NULL,NULL,NULL
UIDLC0007b26e5f0,25-34,"Tier 1",2024-07-27,Basic,NULL,2024-09-27,Premium
UIDLC0007b68f646,18-24,"Tier 2",2024-01-13,Free,2024-09-29,NULL,NULL
UIDLC000821d36c9,45+,"Tier 1",2024-03-26,Premium,NULL,2024-04-26,Free
UIDLC000892a1bc4,18-24,"Tier 2",2024-02-29,Premium,NULL,2024-07-29,Free
UIDLC0008c3d668a,45+,"Tier 2",2024-11-08,Free,NULL,NULL,NULL
UIDLC0008d7e1bd3,35-44,"Tier 1",2024-07-04,Basic,NULL,2024-11-04,Premium
UIDLC0008df6e8aa,25-34,"Tier 3",2024-11-10,Free,2024-11-30,NULL,NULL
UIDLC0008f8a663b,18-24,"Tier 3",2024-05-07,Free,2024-06-23,NULL,NULL
UIDLC0008fe2a4d7,18-24,"Tier 3",2024-11-26,Premium,NULL,2024-12-26,Free
UIDLC0008ff6f3a7,18-24,"Tier 1",2024-05-23,Premium,NULL,2024-06-23,Free
UIDLC0009f86256c,18-24,"Tier 3",2024-11-12,Free,NULL,NULL,NULL
UIDLC000a3b3d473,45+,"Tier 1",2024-06-28,Basic,NULL,NULL,NULL
UIDLC000a9e6b6a6,18-24,"Tier 1",2024-10-12,Premium,NULL,NULL,NULL
UIDLC000aa683663,35-44,"Tier 3",2024-07-29,Free,2024-09-21,NULL,NULL
UIDLC000bfd02a65,35-44,"Tier 3",2024-11-09,Premium,NULL,NULL,NULL
UIDLC000cbd3e983,45+,"Tier 2",2024-11-23,Premium,NULL,NULL,NULL
UIDLC000cdec312f,18-24,"Tier 1",2024-11-19,Free,NULL,NULL,NULL
UIDLC000cef855a6,35-44,"Tier 3",2024-09-10,Free,2024-10-24,NULL,NULL
UIDLC000cf9b43c5,18-24,"Tier 2",2024-04-29,Basic,NULL,2024-05-29,Free
UIDLC000d82ad2ce,35-44,"Tier 2",2024-10-22,Free,NULL,NULL,NULL
UIDLC000dd98d581,18-24,"Tier 3",2024-10-08,Basic,2024-10-29,NULL,NULL
UIDLC000e0328b8b,18-24,"Tier 1",2024-08-27,Free,NULL,NULL,NULL
UIDLC000e508c8d4,35-44,"Tier 1",2024-01-07,Premium,NULL,2024-02-07,Free
UIDLC000f8a6beb3,18-24,"Tier 3",2024-10-20,Premium,NULL,NULL,NULL
UIDLC000fd2a57ab,18-24,"Tier 3",2024-10-24,Free,NULL,NULL,NULL
UIDLC00106ee5847,18-24,"Tier 1",2024-11-23,Free,NULL,NULL,NULL
UIDLC0010a663b62,18-24,"Tier 2",2024-09-16,Free,NULL,NULL,NULL
UIDLC0011639e353,18-24,"Tier 2",2024-11-02,Premium,NULL,NULL,NULL
UIDLC001170cb631,35-44,"Tier 1",2024-08-12,Basic,NULL,NULL,NULL
UIDLC0011b3a7b01,18-24,"Tier 3",2024-09-06,Free,2024-10-15,NULL,NULL
UIDLC0011c1440b2,25-34,"Tier 1",2024-10-03,Premium,NULL,NULL,NULL
UIDLC0011d826ccb,18-24,"Tier 2",2024-01-29,Basic,NULL,NULL,NULL
UIDLC00139b214a9,18-24,"Tier 2",2024-09-26,Free,NULL,NULL,NULL
UIDLC001408883ad,18-24,"Tier 2",2024-10-31,Basic,2024-11-23,NULL,NULL
UIDLC001498bbc22,18-24,"Tier 1",2024-09-15,Free,2024-11-09,NULL,NULL
UIDLC001499d2034,18-24,"Tier 3",2024-08-04,Basic,NULL,NULL,NULL
UIDLC00152c4ccac,45+,"Tier 2",2024-09-04,Basic,NULL,2024-10-04,Premium
UIDLC00156ab9cf2,18-24,"Tier 3",2024-08-03,Premium,NULL,NULL,NULL
UIDLC0015721887b,18-24,"Tier 2",2024-11-20,Free,NULL,NULL,NULL
UIDLC00159ad44f3,25-34,"Tier 3",2024-11-19,Free,2024-12-09,NULL,NULL
UIDLC0015c7b7668,45+,"Tier 3",2024-09-22,Free,2024-11-06,NULL,NULL
UIDLC00162fdff4b,35-44,"Tier 2",2024-03-11,Free,2024-04-13,NULL,NULL
UIDLC001663862f4,25-34,"Tier 2",2024-10-19,Free,NULL,NULL,NULL
UIDLC0016a8d6045,35-44,"Tier 2",2024-09-18,Basic,2024-11-10,NULL,NULL
UIDLC0016c3e5fe4,45+,"Tier 3",2024-10-03,Basic,NULL,NULL,NULL
UIDLC00186846c7c,25-34,"Tier 1",2024-06-28,Free,2024-12-21,NULL,NULL
UIDLC00187e7cfd3,18-24,"Tier 3",2024-11-08,Premium,NULL,NULL,NULL
UIDLC00196f5d170,25-34,"Tier 2",2024-08-29,Basic,NULL,NULL,NULL
UIDLC0019a6c5f7b,18-24,"Tier 1",2024-01-21,Basic,NULL,2024-03-21,Free
UIDLC0019df2ba5c,35-44,"Tier 2",2024-08-19,Basic,NULL,NULL,NULL
UIDLC0019e41c4cc,35-44,"Tier 1",2024-11-23,Basic,NULL,2024-12-23,Free
UIDLC001a37fee3e,35-44,"Tier 2",2024-07-19,Free,NULL,NULL,NULL
UIDLC001a7464a7f,45+,"Tier 1",2024-01-27,Free,2024-08-09,NULL,NULL
UIDLC001aa641afa,45+,"Tier 3",2024-11-06,Free,2024-11-26,NULL,NULL
UIDLC001c40f6b88,45+,"Tier 3",2024-10-27,Basic,NULL,NULL,NULL
UIDLC001cdea2e39,35-44,"Tier 3",2024-05-12,Free,2024-07-03,NULL,NULL
UIDLC001d378b37f,18-24,"Tier 1",2024-11-02,Basic,NULL,NULL,NULL
UIDLC001d83ac330,25-34,"Tier 1",2024-09-14,Premium,2024-11-03,NULL,NULL
UIDLC001da056e5b,25-34,"Tier 1",2024-05-31,Premium,NULL,2024-06-30,Free
UIDLC001dd6588b6,25-34,"Tier 3",2024-11-09,Free,NULL,NULL,NULL
UIDLC001e25e5412,25-34,"Tier 1",2024-05-18,Free,2024-07-01,NULL,NULL
UIDLC001e44e0a82,25-34,"Tier 3",2024-03-27,Free,2024-05-24,NULL,NULL
UIDLC001e939fff1,25-34,"Tier 2",2024-08-17,Free,NULL,NULL,NULL
UIDLC001ea306f09,45+,"Tier 2",2024-09-13,Free,2024-10-30,NULL,NULL
UIDLC002030bb4c3,45+,"Tier 3",2024-06-26,Free,2024-07-28,NULL,NULL
UIDLC00209ce4dbb,45+,"Tier 3",2024-10-17,Basic,NULL,NULL,NULL
UIDLC0020a4ff2d3,35-44,"Tier 2",2024-11-18,Free,NULL,NULL,NULL
UIDLC0020aea38d1,25-34,"Tier 2",2024-06-06,Free,NULL,NULL,NULL
UIDLC0021b335883,18-24,"Tier 2",2024-09-22,Free,NULL,NULL,NULL
UIDLC0021bf28d2d,18-24,"Tier 3",2024-03-31,Basic,NULL,2024-05-31,Free
UIDLC002224c6450,18-24,"Tier 3",2024-05-16,Basic,NULL,NULL,NULL
UIDLC00227435827,18-24,"Tier 2",2024-10-20,Basic,NULL,NULL,NULL
UIDLC0022de33900,45+,"Tier 2",2024-11-24,Basic,NULL,NULL,NULL
UIDLC002330a5061,25-34,"Tier 1",2024-11-09,Basic,NULL,NULL,NULL
UIDLC00233a80d1a,25-34,"Tier 3",2024-11-22,Free,NULL,NULL,NULL
UIDLC00234bc793b,35-44,"Tier 2",2024-11-11,Free,NULL,NULL,NULL
UIDLC00245f83608,45+,"Tier 2",2024-03-09,Premium,NULL,2024-04-09,Basic
UIDLC0024debdc4f,35-44,"Tier 3",2024-08-13,Premium,NULL,2024-10-13,Free
UIDLC00252159056,18-24,"Tier 2",2024-09-27,Basic,2024-11-11,NULL,NULL
UIDLC0026081a6f9,18-24,"Tier 3",2024-02-08,Free,2024-03-25,NULL,NULL
UIDLC002662490e9,18-24,"Tier 3",2024-07-21,Premium,NULL,2024-08-21,Free
UIDLC0026c4f28c1,25-34,"Tier 3",2024-10-06,Free,2024-10-27,NULL,NULL
UIDLC002821b55b2,25-34,"Tier 1",2024-08-30,Basic,2024-10-14,NULL,NULL
UIDLC00288b2a050,18-24,"Tier 1",2024-11-24,Premium,NULL,2024-12-24,Free
UIDLC00290853923,25-34,"Tier 1",2024-08-15,Free,NULL,2024-11-15,Premium
UIDLC002920ef748,18-24,"Tier 3",2024-07-31,Basic,2024-09-25,NULL,NULL
UIDLC0029e3a21d7,25-34,"Tier 1",2024-03-20,Premium,2024-06-20,NULL,NULL
UIDLC002a682e93e,18-24,"Tier 3",2024-11-07,Premium,NULL,NULL,NULL
UIDLC002b4a7fe19,45+,"Tier 3",2024-11-18,Free,NULL,NULL,NULL
UIDLC002b61bf9b2,18-24,"Tier 3",2024-10-23,Free,NULL,NULL,NULL
UIDLC002d4f7ccf1,18-24,"Tier 3",2024-06-19,Basic,2024-07-29,NULL,NULL
UIDLC002d5d5276b,18-24,"Tier 3",2024-02-15,Free,2024-04-28,NULL,NULL
UIDLC002d92e3e98,45+,"Tier 3",2024-04-17,Basic,NULL,NULL,NULL
UIDLC002da397111,18-24,"Tier 2",2024-03-24,Basic,NULL,2024-05-24,Free
UIDLC002e909d71b,35-44,"Tier 2",2024-06-20,Basic,2024-07-29,NULL,NULL
UIDLC002ed1848fe,18-24,"Tier 2",2024-07-05,Free,NULL,NULL,NULL
UIDLC002f25d1f60,25-34,"Tier 2",2024-08-27,Basic,NULL,NULL,NULL
UIDLC002fc99bcee,25-34,"Tier 3",2024-05-08,Free,2024-10-20,NULL,NULL
UIDLC003049e9ec6,25-34,"Tier 1",2024-11-05,Basic,NULL,NULL,NULL
UIDLC00307ba00a1,45+,"Tier 1",2024-09-18,Basic,NULL,NULL,NULL
UIDLC0030a78371e,18-24,"Tier 2",2024-04-02,Free,2024-05-13,NULL,NULL
UIDLC0030b60d8f6,35-44,"Tier 3",2024-11-21,Free,2024-12-17,NULL,NULL
UIDLC0031aa4e77e,35-44,"Tier 3",2024-06-12,Basic,NULL,2024-08-12,Free
UIDLC00322643599,18-24,"Tier 2",2024-09-21,Free,NULL,NULL,NULL
UIDLC0032691a774,25-34,"Tier 1",2024-08-28,Premium,NULL,2024-10-28,Free
UIDLC0032c9a42f2,18-24,"Tier 2",2024-07-23,Free,2024-09-15,NULL,NULL
UIDLC0032ed4db6c,18-24,"Tier 3",2024-06-11,Basic,NULL,NULL,NULL
UIDLC00332b4a7f7,25-34,"Tier 2",2024-08-20,Basic,2024-09-23,NULL,NULL
UIDLC0033c97eb10,35-44,"Tier 2",2024-05-09,Premium,NULL,2024-07-09,Basic
UIDLC0033d1c6ff8,35-44,"Tier 2",2024-06-29,Free,NULL,NULL,NULL
UIDLC003428744f2,18-24,"Tier 3",2024-10-20,Free,2024-11-14,NULL,NULL
UIDLC003473cea21,45+,"Tier 1",2024-07-25,Free,NULL,2024-10-25,Basic
UIDLC003473e74cd,35-44,"Tier 2",2024-09-15,Basic,NULL,2024-10-15,Free
UIDLC00358632b7b,18-24,"Tier 1",2024-09-24,Basic,NULL,NULL,NULL
UIDLC0035956f743,18-24,"Tier 3",2024-05-30,Basic,2024-07-12,NULL,NULL
UIDLC0035bdedc9c,35-44,"Tier 1",2024-07-16,Basic,2024-08-29,NULL,NULL
UIDLC0036215c9d0,18-24,"Tier 3",2024-11-22,Free,NULL,NULL,NULL
UIDLC0036529c87a,45+,"Tier 1",2024-11-23,Free,NULL,NULL,NULL
UIDLC00365e031ac,18-24,"Tier 2",2024-02-21,Free,2024-07-15,NULL,NULL
UIDLC003663675b7,35-44,"Tier 1",2024-09-10,Premium,NULL,NULL,NULL
UIDLC003739b1bb8,25-34,"Tier 2",2024-11-04,Free,NULL,NULL,NULL
UIDLC003816fc509,18-24,"Tier 2",2024-02-08,Basic,NULL,NULL,NULL
UIDLC003a50551df,18-24,"Tier 3",2024-07-08,Free,2024-08-07,NULL,NULL
UIDLC003b28060fe,45+,"Tier 2",2024-11-13,Free,NULL,NULL,NULL
UIDLC003b80180d6,25-34,"Tier 2",2024-10-25,Free,NULL,NULL,NULL
UIDLC003d297e07f,35-44,"Tier 1",2024-09-08,Free,2024-10-16,NULL,NULL
UIDLC003d3e64e7e,18-24,"Tier 3",2024-11-29,Free,NULL,NULL,NULL
UIDLC003d41916a9,18-24,"Tier 3",2024-11-25,Free,NULL,NULL,NULL
UIDLC003d55eba39,35-44,"Tier 3",2024-07-12,Basic,NULL,2024-11-12,Premium
UIDLC003e4b7f923,18-24,"Tier 3",2024-07-25,Free,NULL,NULL,NULL
UIDLC003f061aab8,25-34,"Tier 1",2024-03-16,Basic,NULL,NULL,NULL
UIDLC003f7fc5124,18-24,"Tier 2",2024-05-01,Premium,NULL,NULL,NULL
UIDLC00406f3021c,25-34,"Tier 1",2024-11-01,Free,NULL,NULL,NULL
UIDLC0040a2d3d42,45+,"Tier 1",2024-10-13,Free,NULL,NULL,NULL
UIDLC00416b3ec21,18-24,"Tier 3",2024-11-09,Free,NULL,NULL,NULL
UIDLC00417e6445d,18-24,"Tier 3",2024-07-31,Free,2024-09-13,NULL,NULL
UIDLC0041961d6aa,18-24,"Tier 3",2024-09-24,Free,2024-11-21,NULL,NULL
UIDLC00428b55a0e,35-44,"Tier 3",2024-08-12,Free,NULL,NULL,NULL
UIDLC0042baaec4e,25-34,"Tier 2",2024-11-17,Free,2024-12-16,NULL,NULL
UIDLC0042ddeada1,25-34,"Tier 3",2024-09-06,Free,NULL,NULL,NULL
UIDLC004379d14ba,25-34,"Tier 2",2024-11-24,Premium,2024-12-14,NULL,NULL
UIDLC0044675183a,25-34,"Tier 2",2024-10-10,Basic,2024-11-01,NULL,NULL
UIDLC00452dd39aa,35-44,"Tier 2",2024-06-20,Basic,NULL,NULL,NULL
UIDLC0046d9aa581,25-34,"Tier 1",2024-10-30,Basic,NULL,NULL,NULL
UIDLC00470943e8b,25-34,"Tier 3",2024-08-08,Free,NULL,NULL,NULL
UIDLC00473326cb3,18-24,"Tier 2",2024-06-08,Free,2024-07-15,NULL,NULL
UIDLC0047d9f318b,18-24,"Tier 3",2024-08-25,Free,2024-12-03,NULL,NULL
UIDLC00486239029,25-34,"Tier 2",2024-10-11,Free,NULL,2024-12-11,Basic
UIDLC00489baaa5b,35-44,"Tier 3",2024-08-18,Premium,2024-10-07,NULL,NULL
UIDLC0048dd39cc6,25-34,"Tier 2",2024-03-23,Free,2024-04-26,NULL,NULL
UIDLC0048e758c9d,25-34,"Tier 2",2024-05-14,Basic,2024-06-19,NULL,NULL
UIDLC00493370b95,18-24,"Tier 2",2024-10-05,Free,2024-10-31,NULL,NULL
UIDLC0049bf939f7,18-24,"Tier 1",2024-07-31,Basic,NULL,NULL,NULL
UIDLC004a71de3bb,18-24,"Tier 3",2024-07-19,Free,NULL,NULL,NULL
UIDLC004ab7d1577,18-24,"Tier 3",2024-09-08,Free,2024-10-16,NULL,NULL
UIDLC004b020f26a,18-24,"Tier 3",2024-07-07,Free,2024-08-21,NULL,NULL
UIDLC004bbe76777,45+,"Tier 1",2024-11-25,Premium,NULL,NULL,NULL
UIDLC004bf88379f,25-34,"Tier 2",2024-07-15,Free,NULL,NULL,NULL
UIDLC004ca4b99b4,18-24,"Tier 1",2024-04-16,Basic,2024-05-18,NULL,NULL
UIDLC004cd6d3b1d,45+,"Tier 3",2024-11-27,Basic,NULL,NULL,NULL
UIDLC004d0b8e761,25-34,"Tier 2",2024-10-05,Free,NULL,NULL,NULL
UIDLC004d5e04b36,25-34,"Tier 3",2024-11-15,Free,NULL,NULL,NULL
UIDLC004d812d4b8,18-24,"Tier 2",2024-11-19,Free,NULL,NULL,NULL
UIDLC004da81a74f,35-44,"Tier 2",2024-10-10,Free,NULL,NULL,NULL
UIDLC004e8fa0df5,18-24,"Tier 3",2024-06-04,Free,NULL,NULL,NULL
UIDLC004ed4f09c3,18-24,"Tier 3",2024-01-27,Free,2024-07-03,NULL,NULL
UIDLC0050286958a,35-44,"Tier 3",2024-01-08,Free,2024-03-09,NULL,NULL
UIDLC00502dd9de9,18-24,"Tier 2",2024-05-02,Free,2024-09-01,NULL,NULL
UIDLC0050bc5cef4,25-34,"Tier 1",2024-09-15,Free,2024-11-12,NULL,NULL
UIDLC0051ae28e1a,18-24,"Tier 3",2024-04-30,Basic,NULL,2024-06-30,Free
UIDLC005272250c5,45+,"Tier 1",2024-02-21,Premium,NULL,2024-06-21,Free
UIDLC005295e0929,35-44,"Tier 1",2024-11-05,Premium,NULL,NULL,NULL
UIDLC005317c3975,35-44,"Tier 2",2024-07-26,Free,2024-12-04,NULL,NULL
UIDLC00531cc830d,25-34,"Tier 1",2024-10-22,Premium,NULL,2024-11-22,Free
UIDLC00532306ac1,25-34,"Tier 3",2024-09-30,Basic,NULL,NULL,NULL
UIDLC0053c91cb92,18-24,"Tier 1",2024-07-11,Free,NULL,2024-08-11,Basic
UIDLC0053fb8b8ca,35-44,"Tier 2",2024-11-09,Free,NULL,NULL,NULL
UIDLC00541283d66,18-24,"Tier 3",2024-11-08,Basic,2024-12-03,NULL,NULL
UIDLC0055af1bdda,25-34,"Tier 3",2024-09-20,Basic,2024-11-14,NULL,NULL
UIDLC00566802433,25-34,"Tier 3",2024-07-05,Free,2024-08-07,NULL,NULL
UIDLC0056c72d58d,25-34,"Tier 3",2024-06-29,Free,NULL,NULL,NULL
UIDLC0056d8b84a9,35-44,"Tier 3",2024-05-25,Free,2024-07-16,NULL,NULL
UIDLC00571c6986f,18-24,"Tier 3",2024-10-15,Free,2024-11-10,NULL,NULL
UIDLC0057916c510,18-24,"Tier 3",2024-11-18,Free,NULL,NULL,NULL
UIDLC005863ff9d8,25-34,"Tier 3",2024-02-27,Basic,2024-09-29,NULL,NULL
UIDLC005917f357e,45+,"Tier 2",2024-09-12,Basic,NULL,NULL,NULL
UIDLC005a3c14ccb,18-24,"Tier 1",2024-11-15,Premium,NULL,2024-12-15,Free
UIDLC005a9fbfedc,18-24,"Tier 3",2024-11-14,Premium,NULL,2024-12-14,Basic
UIDLC005bbae7653,18-24,"Tier 2",2024-06-11,Basic,2024-07-11,NULL,NULL
UIDLC005bcbb9a38,35-44,"Tier 2",2024-08-13,Free,2024-09-24,NULL,NULL
UIDLC005bcff9e4e,25-34,"Tier 3",2024-10-16,Free,NULL,NULL,NULL
UIDLC005c7380905,35-44,"Tier 1",2024-03-12,Free,2024-04-25,NULL,NULL
UIDLC005cfcfffdf,18-24,"Tier 1",2024-11-28,Premium,NULL,2024-12-28,Free
UIDLC005d6a82579,18-24,"Tier 1",2024-03-03,Free,2024-04-12,NULL,NULL
UIDLC005d92b24be,25-34,"Tier 3",2024-10-16,Free,NULL,NULL,NULL
UIDLC005dbe614ba,25-34,"Tier 2",2024-09-28,Free,2024-11-19,NULL,NULL
UIDLC005e3785ad0,18-24,"Tier 3",2024-11-02,Free,NULL,NULL,NULL
UIDLC005ecf46374,18-24,"Tier 2",2024-04-20,Free,2024-06-07,NULL,NULL
UIDLC005f1ccf54b,45+,"Tier 1",2024-11-05,Premium,NULL,NULL,NULL
UIDLC005f493d73f,35-44,"Tier 3",2024-11-26,Free,NULL,NULL,NULL
UIDLC005fd1b5258,25-34,"Tier 2",2024-01-29,Basic,2024-03-01,NULL,NULL
UIDLC00600459553,18-24,"Tier 2",2024-03-01,Free,2024-04-05,NULL,NULL
UIDLC0060270983d,18-24,"Tier 3",2024-11-15,Premium,NULL,NULL,NULL
UIDLC00604a1411e,18-24,"Tier 1",2024-11-22,Basic,NULL,NULL,NULL
UIDLC0060af70ee5,18-24,"Tier 2",2024-10-24,Premium,NULL,NULL,NULL
UIDLC0060c59c4e4,18-24,"Tier 3",2024-07-17,Free,NULL,NULL,NULL
UIDLC0060ee8ed28,35-44,"Tier 2",2024-09-24,Basic,NULL,NULL,NULL
UIDLC00613b3c827,35-44,"Tier 2",2024-01-20,Basic,NULL,NULL,NULL
UIDLC0061e7904fa,25-34,"Tier 2",2024-05-25,Free,2024-09-21,NULL,NULL
UIDLC006278ea3ff,18-24,"Tier 2",2024-02-02,Free,2024-04-21,NULL,NULL
UIDLC0062abb48a0,25-34,"Tier 2",2024-10-23,Free,NULL,NULL,NULL
UIDLC0062d4b64b1,18-24,"Tier 3",2024-09-14,Free,2024-11-07,NULL,NULL
UIDLC0062fbf5418,18-24,"Tier 1",2024-07-22,Free,2024-09-16,NULL,NULL
UIDLC00631758907,18-24,"Tier 1",2024-06-21,Basic,2024-08-06,NULL,NULL
UIDLC006379021a2,25-34,"Tier 3",2024-10-26,Free,NULL,NULL,NULL
UIDLC0063d59ace4,18-24,"Tier 3",2024-11-08,Free,NULL,NULL,NULL
UIDLC006462f3eef,25-34,"Tier 3",2024-10-12,Free,2024-11-09,NULL,NULL
UIDLC0064d1dfd84,18-24,"Tier 3",2024-11-04,Premium,NULL,2024-12-04,Basic
UIDLC0065e1e931d,25-34,"Tier 3",2024-11-06,Free,NULL,NULL,NULL
UIDLC0065f5496f8,18-24,"Tier 2",2024-11-03,Premium,NULL,NULL,NULL
UIDLC00665203a31,35-44,"Tier 2",2024-03-22,Premium,2024-05-10,NULL,NULL
UIDLC0066609a2b8,35-44,"Tier 2",2024-11-17,Basic,NULL,NULL,NULL
UIDLC0066bd5fc08,25-34,"Tier 2",2024-06-16,Free,NULL,NULL,NULL
UIDLC0066cf54118,35-44,"Tier 3",2024-11-30,Free,NULL,NULL,NULL
UIDLC00672cff070,25-34,"Tier 2",2024-08-12,Free,2024-10-18,NULL,NULL
UIDLC00681fa6c06,25-34,"Tier 2",2024-09-16,Basic,NULL,NULL,NULL
UIDLC006869882cc,25-34,"Tier 1",2024-10-09,Premium,NULL,NULL,NULL
UIDLC0068ebcaea9,25-34,"Tier 3",2024-08-14,Free,NULL,NULL,NULL
UIDLC00692f126ff,25-34,"Tier 2",2024-07-24,Basic,NULL,2024-09-24,Premium
UIDLC006977b5998,35-44,"Tier 3",2024-07-03,Premium,NULL,2024-09-03,Basic
UIDLC0069b14c326,45+,"Tier 1",2024-10-07,Basic,NULL,2024-11-07,Free
UIDLC006af8b1716,35-44,"Tier 3",2024-10-13,Premium,2024-11-02,NULL,NULL
UIDLC006b3858328,18-24,"Tier 3",2024-09-30,Basic,NULL,2024-10-30,Free
UIDLC006b5629ca9,35-44,"Tier 2",2024-09-11,Premium,2024-11-02,NULL,NULL
UIDLC006c4522604,35-44,"Tier 3",2024-11-06,Free,NULL,NULL,NULL
UIDLC006c45d3156,45+,"Tier 3",2024-02-24,Free,2024-05-16,NULL,NULL
UIDLC006c85dc2b3,25-34,"Tier 3",2024-01-26,Basic,2024-06-28,NULL,NULL
UIDLC006d5d70962,18-24,"Tier 3",2024-09-17,Basic,NULL,NULL,NULL
UIDLC006dc7523f0,18-24,"Tier 3",2024-11-16,Free,NULL,NULL,NULL
UIDLC006dccf676a,18-24,"Tier 3",2024-01-21,Free,2024-07-27,NULL,NULL
UIDLC006e501afab,18-24,"Tier 2",2024-03-07,Free,2024-04-29,NULL,NULL
UIDLC006e54c9947,18-24,"Tier 2",2024-03-11,Basic,NULL,2024-09-11,Free
UIDLC006e8f3a857,18-24,"Tier 3",2024-11-16,Premium,NULL,2024-12-16,Free
UIDLC006f4069b8d,45+,"Tier 3",2024-04-16,Free,NULL,NULL,NULL
UIDLC006f50aa15d,18-24,"Tier 2",2024-11-12,Basic,NULL,NULL,NULL
UIDLC006fb4bc3c8,25-34,"Tier 3",2024-08-02,Free,NULL,NULL,NULL
UIDLC006fe1f56de,25-34,"Tier 3",2024-09-30,Free,NULL,NULL,NULL
UIDLC0070eadbb62,18-24,"Tier 2",2024-11-29,Free,2024-12-20,NULL,NULL
UIDLC00712273292,18-24,"Tier 3",2024-08-30,Basic,2024-10-17,NULL,NULL
UIDLC00717e239d8,18-24,"Tier 3",2024-08-14,Free,2024-09-25,NULL,NULL
UIDLC007192ba3be,25-34,"Tier 1",2024-03-29,Premium,2024-05-18,NULL,NULL
UIDLC0071aaefc7d,18-24,"Tier 2",2024-09-14,Free,NULL,NULL,NULL
UIDLC0071fa19276,18-24,"Tier 3",2024-05-19,Free,2024-06-21,NULL,NULL
UIDLC00725b99bf8,25-34,"Tier 3",2024-09-20,Free,2024-11-09,NULL,NULL
UIDLC0072644e46e,35-44,"Tier 1",2024-06-26,Basic,NULL,NULL,NULL
UIDLC0072a49090f,18-24,"Tier 2",2024-07-21,Basic,2024-10-25,NULL,NULL
UIDLC0072c63945e,18-24,"Tier 2",2024-08-13,Free,2024-09-23,NULL,NULL
UIDLC0072dd9db4c,25-34,"Tier 3",2024-08-07,Free,2024-10-02,NULL,NULL
UIDLC0073091b752,18-24,"Tier 1",2024-06-20,Basic,NULL,NULL,NULL
UIDLC0073633e7c2,35-44,"Tier 2",2024-10-17,Free,NULL,NULL,NULL
UIDLC007498d6faa,18-24,"Tier 1",2024-09-22,Free,NULL,NULL,NULL
UIDLC00750e3a34a,45+,"Tier 2",2024-05-18,Free,2024-06-20,NULL,NULL
UIDLC0075c066db2,35-44,"Tier 1",2024-07-17,Free,NULL,2024-10-17,Basic
UIDLC0075eaaa644,35-44,"Tier 3",2024-11-13,Free,NULL,NULL,NULL
UIDLC007610193a9,25-34,"Tier 2",2024-11-28,Basic,NULL,NULL,NULL
UIDLC0076b4eef7f,25-34,"Tier 2",2024-10-20,Basic,NULL,NULL,NULL
UIDLC0076f862079,18-24,"Tier 2",2024-01-30,Free,2024-11-01,NULL,NULL
UIDLC00771692e61,45+,"Tier 3",2024-09-04,Free,2024-10-14,NULL,NULL
UIDLC0077717dc47,18-24,"Tier 3",2024-08-15,Basic,2024-10-02,NULL,NULL
UIDLC00789329db3,25-34,"Tier 2",2024-09-11,Free,2024-11-19,NULL,NULL
UIDLC0078d33e1dc,35-44,"Tier 3",2024-11-25,Basic,NULL,NULL,NULL
UIDLC007931415d3,35-44,"Tier 2",2024-05-23,Basic,NULL,2024-09-23,Premium
UIDLC007983df31b,45+,"Tier 2",2024-09-08,Free,2024-10-12,NULL,NULL
UIDLC007a6a56fcb,18-24,"Tier 3",2024-10-05,Free,NULL,NULL,NULL
UIDLC007a890d309,18-24,"Tier 3",2024-02-11,Free,2024-03-18,NULL,NULL
UIDLC007ab252a8a,45+,"Tier 1",2024-09-20,Basic,NULL,NULL,NULL
UIDLC007abc784c5,25-34,"Tier 1",2024-10-07,Basic,NULL,NULL,NULL
UIDLC007af8b625b,25-34,"Tier 1",2024-09-09,Basic,NULL,NULL,NULL
UIDLC007b9ab7ddc,35-44,"Tier 3",2024-10-25,Free,2024-11-19,NULL,NULL
UIDLC007be8f84c0,25-34,"Tier 2",2024-11-16,Basic,2024-12-14,NULL,NULL
UIDLC007bed0ab63,45+,"Tier 3",2024-06-03,Basic,NULL,2024-07-03,Free
UIDLC007c149a293,45+,"Tier 1",2024-10-06,Free,NULL,NULL,NULL
UIDLC007c288863c,18-24,"Tier 3",2024-09-14,Basic,2024-10-27,NULL,NULL
UIDLC007c348e7e4,25-34,"Tier 2",2024-01-21,Basic,NULL,2024-03-21,Free
UIDLC007c4732727,18-24,"Tier 2",2024-11-29,Basic,NULL,2024-12-29,Free
UIDLC007cb7acb57,25-34,"Tier 1",2024-11-26,Premium,NULL,NULL,NULL
UIDLC007cd1f4a29,25-34,"Tier 3",2024-06-07,Basic,NULL,NULL,NULL
UIDLC007cebba2f6,25-34,"Tier 3",2024-10-11,Free,NULL,NULL,NULL
UIDLC007d436a918,18-24,"Tier 2",2024-06-07,Basic,2024-07-20,NULL,NULL
UIDLC007d46fccf4,18-24,"Tier 3",2024-08-30,Premium,NULL,2024-10-30,Free
UIDLC007d5120a57,18-24,"Tier 1",2024-06-11,Free,NULL,NULL,NULL
UIDLC007d636f774,18-24,"Tier 2",2024-10-13,Basic,2024-11-08,NULL,NULL
UIDLC007d8cf8c90,18-24,"Tier 2",2024-11-17,Free,NULL,NULL,NULL
UIDLC007dad26604,18-24,"Tier 3",2024-07-29,Basic,NULL,2024-08-29,Free
UIDLC007e154e2c9,25-34,"Tier 2",2024-09-11,Basic,NULL,2024-11-11,Free
UIDLC007e496a8af,35-44,"Tier 3",2024-10-02,Free,NULL,NULL,NULL
UIDLC007e79bd7bf,25-34,"Tier 3",2024-08-03,Basic,NULL,2024-10-03,Free
UIDLC007e910315b,18-24,"Tier 1",2024-05-23,Free,2024-07-07,NULL,NULL
UIDLC007ebf9dd5a,18-24,"Tier 3",2024-11-20,Basic,2024-12-14,NULL,NULL
UIDLC007f5d1f49e,18-24,"Tier 1",2024-05-19,Free,NULL,NULL,NULL
UIDLC007facba434,18-24,"Tier 3",2024-07-13,Free,NULL,NULL,NULL
UIDLC007fe0f1b63,18-24,"Tier 2",2024-11-12,Premium,NULL,NULL,NULL
UIDLC008002c444f,18-24,"Tier 3",2024-06-21,Free,2024-10-22,NULL,NULL
UIDLC0080a79fdca,25-34,"Tier 3",2024-09-27,Free,2024-11-24,NULL,NULL
UIDLC00813693ad4,18-24,"Tier 2",2024-10-31,Premium,NULL,2024-11-30,Free
UIDLC008185d141d,18-24,"Tier 2",2024-04-07,Basic,2024-06-01,NULL,NULL
UIDLC0081d6cd096,35-44,"Tier 1",2024-11-11,Free,NULL,NULL,NULL
UIDLC0081f3df9db,18-24,"Tier 2",2024-10-26,Basic,NULL,NULL,NULL
UIDLC00825dfbefe,18-24,"Tier 2",2024-02-02,Premium,NULL,2024-03-02,Free
UIDLC008306c2107,18-24,"Tier 2",2024-07-17,Free,NULL,NULL,NULL
UIDLC008311ee8b0,25-34,"Tier 1",2024-09-17,Basic,2024-11-08,NULL,NULL
UIDLC008377435b7,45+,"Tier 1",2024-08-04,Premium,NULL,NULL,NULL
UIDLC00849348991,45+,"Tier 2",2024-08-04,Free,2024-09-09,NULL,NULL
UIDLC0084c42f2cb,25-34,"Tier 2",2024-09-20,Free,2024-11-09,NULL,NULL
UIDLC0085fb0bc33,18-24,"Tier 1",2024-04-26,Premium,NULL,2024-06-26,Free
UIDLC00865f1da7d,18-24,"Tier 2",2024-11-18,Basic,NULL,NULL,NULL
UIDLC00869a4abcd,25-34,"Tier 2",2024-08-14,Basic,NULL,NULL,NULL
UIDLC0086b7ddb54,45+,"Tier 3",2024-06-17,Free,2024-08-14,NULL,NULL
UIDLC008724be5cf,45+,"Tier 3",2024-08-03,Free,NULL,NULL,NULL
UIDLC00873b3b3f8,35-44,"Tier 3",2024-04-10,Free,2024-07-09,NULL,NULL
UIDLC0087eea40a7,25-34,"Tier 1",2024-11-09,Basic,2024-12-05,NULL,NULL
UIDLC0087fbe4e88,18-24,"Tier 1",2024-10-24,Free,NULL,NULL,NULL
UIDLC008813a1293,45+,"Tier 2",2024-06-02,Premium,NULL,2024-08-02,Basic
UIDLC0088249fd03,45+,"Tier 1",2024-08-15,Basic,NULL,NULL,NULL
UIDLC00887a5501a,35-44,"Tier 1",2024-06-11,Free,NULL,NULL,NULL
UIDLC00890c0cc63,45+,"Tier 1",2024-11-06,Basic,NULL,NULL,NULL
UIDLC008929f2b8d,25-34,"Tier 3",2024-10-26,Free,NULL,NULL,NULL
UIDLC0089693296b,18-24,"Tier 2",2024-08-29,Free,2024-10-17,NULL,NULL
UIDLC00897727b09,18-24,"Tier 2",2024-07-03,Basic,2024-08-15,NULL,NULL
UIDLC0089e41ffe7,35-44,"Tier 2",2024-09-12,Basic,NULL,2024-12-12,Free
UIDLC008a1fa621b,25-34,"Tier 2",2024-11-18,Free,NULL,NULL,NULL
UIDLC008a630b0b8,35-44,"Tier 2",2024-09-16,Basic,NULL,NULL,NULL
UIDLC008a7332df3,25-34,"Tier 3",2024-02-24,Basic,NULL,NULL,NULL
UIDLC008a86aa4fd,18-24,"Tier 1",2024-04-17,Premium,NULL,NULL,NULL
UIDLC008aeca2b60,18-24,"Tier 1",2024-03-12,Premium,2024-04-24,NULL,NULL
UIDLC008b0a6ffc0,45+,"Tier 2",2024-11-21,Free,NULL,NULL,NULL
UIDLC008b7947d3a,18-24,"Tier 2",2024-05-31,Free,NULL,NULL,NULL
UIDLC008b867178a,35-44,"Tier 3",2024-04-01,Free,2024-05-29,NULL,NULL
UIDLC008ccdde2f0,35-44,"Tier 2",2024-11-01,Free,NULL,NULL,NULL
UIDLC008dbd0a8e1,18-24,"Tier 2",2024-09-25,Basic,NULL,NULL,NULL
UIDLC008e8e01126,25-34,"Tier 2",2024-10-11,Free,NULL,NULL,NULL
UIDLC008f07865b9,25-34,"Tier 3",2024-11-17,Premium,NULL,NULL,NULL
UIDLC008f132e7bb,25-34,"Tier 2",2024-07-13,Free,2024-10-31,NULL,NULL
UIDLC008f2e66b5f,18-24,"Tier 3",2024-11-27,Free,NULL,NULL,NULL
UIDLC008fda91567,18-24,"Tier 2",2024-11-01,Premium,NULL,NULL,NULL
UIDLC00906886f3b,25-34,"Tier 3",2024-09-09,Free,2024-10-24,NULL,NULL
UIDLC00910566ba8,25-34,"Tier 3",2024-09-10,Basic,2024-12-03,NULL,NULL
UIDLC009154c666b,18-24,"Tier 1",2024-08-04,Basic,2024-09-27,NULL,NULL
UIDLC0091c457878,18-24,"Tier 3",2024-09-22,Premium,NULL,2024-10-22,Free
UIDLC0091e53eff3,18-24,"Tier 3",2024-09-20,Free,2024-11-15,NULL,NULL
UIDLC009203eef1a,35-44,"Tier 3",2024-06-08,Free,2024-07-10,NULL,NULL
UIDLC00924f7e8e9,35-44,"Tier 1",2024-10-03,Premium,NULL,NULL,NULL
UIDLC0092af7bfac,25-34,"Tier 1",2024-09-10,Basic,NULL,NULL,NULL
UIDLC0092d255f67,18-24,"Tier 3",2024-02-26,Free,NULL,NULL,NULL
UIDLC009303b2278,35-44,"Tier 1",2024-02-05,Premium,NULL,2024-04-05,Free
UIDLC00939e2e394,35-44,"Tier 3",2024-06-19,Free,NULL,NULL,NULL
UIDLC0093ec14a5a,18-24,"Tier 3",2024-08-25,Free,NULL,NULL,NULL
UIDLC00943989273,18-24,"Tier 3",2024-06-30,Free,2024-08-21,NULL,NULL
UIDLC00948f90729,18-24,"Tier 3",2024-04-03,Free,2024-10-09,NULL,NULL
UIDLC0094c036ad6,35-44,"Tier 3",2024-10-05,Free,NULL,NULL,NULL
UIDLC00952220daa,45+,"Tier 1",2024-07-29,Basic,2024-09-21,NULL,NULL
UIDLC0095fda31f5,35-44,"Tier 3",2024-08-02,Free,NULL,NULL,NULL
UIDLC00963183a67,18-24,"Tier 1",2024-06-25,Free,2024-08-07,NULL,NULL
UIDLC00965d374e1,35-44,"Tier 2",2024-10-06,Basic,NULL,NULL,NULL
UIDLC00966294460,35-44,"Tier 1",2024-05-19,Basic,NULL,NULL,NULL
UIDLC0096b72d03b,18-24,"Tier 3",2024-09-27,Basic,2024-11-10,NULL,NULL
UIDLC0096e858f7e,18-24,"Tier 2",2024-06-10,Free,2024-08-08,NULL,NULL
UIDLC00980ddb3fe,25-34,"Tier 1",2024-05-30,Free,2024-07-10,NULL,NULL
UIDLC0098813fac4,45+,"Tier 3",2024-11-07,Free,2024-12-06,NULL,NULL
UIDLC0098eb1d921,35-44,"Tier 2",2024-10-17,Basic,NULL,NULL,NULL
UIDLC0099202c664,25-34,"Tier 2",2024-11-11,Free,NULL,NULL,NULL
UIDLC009948e868d,25-34,"Tier 1",2024-10-12,Free,NULL,NULL,NULL
UIDLC0099ae02c1c,25-34,"Tier 2",2024-09-15,Premium,2024-10-25,NULL,NULL
UIDLC0099bc5b008,18-24,"Tier 1",2024-11-06,Free,NULL,NULL,NULL
UIDLC0099fa49597,25-34,"Tier 1",2024-01-06,Premium,2024-04-01,NULL,NULL
UIDLC0099fbe9371,45+,"Tier 3",2024-05-28,Free,NULL,NULL,NULL
UIDLC009a041d293,18-24,"Tier 1",2024-11-14,Premium,NULL,NULL,NULL
UIDLC009a4c65063,18-24,"Tier 3",2024-08-30,Basic,2024-10-02,NULL,NULL
UIDLC009b10bd828,18-24,"Tier 2",2024-04-01,Basic,NULL,NULL,NULL
UIDLC009bc213079,45+,"Tier 3",2024-09-10,Free,2024-10-18,NULL,NULL
UIDLC009c0cc8d3d,18-24,"Tier 3",2024-07-28,Free,NULL,NULL,NULL
UIDLC009c38f2a46,18-24,"Tier 1",2024-09-22,Free,2024-11-15,NULL,NULL
UIDLC009c55df006,25-34,"Tier 3",2024-02-15,Free,2024-08-12,NULL,NULL
UIDLC009c585ba11,35-44,"Tier 1",2024-10-18,Free,NULL,NULL,NULL
UIDLC009d07e94d4,25-34,"Tier 3",2024-11-05,Free,NULL,NULL,NULL
UIDLC009d0fff86e,25-34,"Tier 2",2024-10-23,Basic,NULL,NULL,NULL
UIDLC009d8116564,35-44,"Tier 3",2024-11-28,Free,2024-12-20,NULL,NULL
UIDLC009e0ee736f,25-34,"Tier 2",2024-04-28,Basic,2024-06-08,NULL,NULL
UIDLC009e2f7eb06,18-24,"Tier 2",2024-09-25,Free,2024-10-25,NULL,NULL
UIDLC009eb0df3db,25-34,"Tier 1",2024-10-10,Basic,2024-11-01,NULL,NULL
UIDLC009fb830f15,18-24,"Tier 3",2024-11-15,Basic,NULL,NULL,NULL
UIDLC00a008aca91,18-24,"Tier 2",2024-08-17,Basic,2024-09-19,NULL,NULL
UIDLC00a05ab6e73,18-24,"Tier 2",2024-07-31,Premium,2024-11-02,NULL,NULL
UIDLC00a077d5fe0,45+,"Tier 1",2024-04-08,Basic,2024-06-28,NULL,NULL
UIDLC00a0eacf9cf,35-44,"Tier 2",2024-04-10,Free,2024-05-24,NULL,NULL
UIDLC00a0f8bf15b,18-24,"Tier 2",2024-04-10,Free,2024-11-26,NULL,NULL
UIDLC00a105352ad,18-24,"Tier 2",2024-01-11,Basic,NULL,2024-02-11,Free
UIDLC00a2706e2bf,35-44,"Tier 3",2024-08-21,Free,2024-10-09,NULL,NULL
UIDLC00a2baf5d18,18-24,"Tier 2",2024-07-27,Basic,2024-09-16,NULL,NULL
UIDLC00a2ebdc2fe,18-24,"Tier 3",2024-05-30,Basic,2024-07-08,NULL,NULL
UIDLC00a346cd3bb,35-44,"Tier 1",2024-05-07,Basic,2024-06-12,NULL,NULL
UIDLC00a46fa219d,45+,"Tier 2",2024-09-08,Free,2024-10-11,NULL,NULL
UIDLC00a4776a58d,35-44,"Tier 2",2024-06-17,Basic,NULL,NULL,NULL
UIDLC00a4b345888,25-34,"Tier 1",2024-10-02,Premium,NULL,2024-11-02,Basic
UIDLC00a4b570a76,18-24,"Tier 3",2024-08-31,Free,2024-10-04,NULL,NULL
UIDLC00a4ce63733,45+,"Tier 2",2024-07-22,Free,NULL,NULL,NULL
UIDLC00a509a9dcf,18-24,"Tier 3",2024-09-08,Free,2024-10-21,NULL,NULL
UIDLC00a545fc9b3,18-24,"Tier 2",2024-10-31,Free,2024-11-29,NULL,NULL
UIDLC00a54b1e55f,18-24,"Tier 3",2024-10-04,Free,2024-10-28,NULL,NULL
UIDLC00a57498457,25-34,"Tier 3",2024-02-19,Free,2024-03-23,NULL,NULL
UIDLC00a578d3fa4,18-24,"Tier 2",2024-06-01,Basic,NULL,2024-08-01,Free
UIDLC00a5e459142,18-24,"Tier 2",2024-11-12,Basic,2024-12-09,NULL,NULL
UIDLC00a6a61c4c4,18-24,"Tier 2",2024-09-04,Free,2024-10-10,NULL,NULL
UIDLC00a6c6eccc2,25-34,"Tier 3",2024-09-01,Basic,NULL,2024-10-01,Free
UIDLC00a7a88ad1f,18-24,"Tier 3",2024-07-20,Free,2024-09-16,NULL,NULL
UIDLC00a7c713f21,18-24,"Tier 3",2024-11-12,Free,NULL,NULL,NULL
UIDLC00a7d642d44,18-24,"Tier 1",2024-10-28,Basic,NULL,2024-11-28,Free
UIDLC00a80e46f7e,25-34,"Tier 2",2024-09-16,Free,NULL,NULL,NULL
UIDLC00a8714d41e,18-24,"Tier 2",2024-06-27,Premium,NULL,NULL,NULL
UIDLC00a8cf8bf30,35-44,"Tier 2",2024-09-06,Free,NULL,2024-10-06,Basic
UIDLC00a9178e736,35-44,"Tier 1",2024-08-08,Premium,NULL,2024-10-08,Free
UIDLC00a9613fba2,25-34,"Tier 2",2024-11-18,Free,NULL,NULL,NULL
UIDLC00aa48abca7,45+,"Tier 3",2024-08-25,Free,NULL,NULL,NULL
UIDLC00aa4a40810,25-34,"Tier 2",2024-01-24,Free,2024-03-22,NULL,NULL
UIDLC00aa6b8b29e,18-24,"Tier 1",2024-08-20,Free,NULL,NULL,NULL
UIDLC00aabe3adfc,18-24,"Tier 1",2024-08-03,Basic,NULL,2024-09-03,Premium
UIDLC00aaeaca411,45+,"Tier 3",2024-06-17,Free,2024-07-23,NULL,NULL
UIDLC00ab070ae94,18-24,"Tier 1",2024-08-19,Free,NULL,NULL,NULL
UIDLC00ab33f1b0d,25-34,"Tier 1",2024-03-29,Free,2024-05-21,NULL,NULL
UIDLC00ab570284a,18-24,"Tier 3",2024-05-26,Basic,2024-07-12,NULL,NULL
UIDLC00ab8c39cad,25-34,"Tier 3",2024-10-24,Free,2024-11-16,NULL,NULL
UIDLC00abad10d26,18-24,"Tier 2",2024-10-31,Basic,2024-11-26,NULL,NULL
UIDLC00abbcb6b9e,35-44,"Tier 2",2024-09-09,Basic,2024-10-22,NULL,NULL
UIDLC00ac49411cd,35-44,"Tier 3",2024-06-25,Basic,NULL,NULL,NULL
UIDLC00ace0d05dc,25-34,"Tier 2",2024-04-02,Free,NULL,NULL,NULL
UIDLC00ace7a88a5,18-24,"Tier 3",2024-02-18,Free,2024-06-23,NULL,NULL
UIDLC00acfb7791f,25-34,"Tier 3",2024-08-26,Free,2024-10-11,NULL,NULL
UIDLC00ad39057be,18-24,"Tier 2",2024-03-15,Free,NULL,NULL,NULL
UIDLC00ad4ac5d19,18-24,"Tier 1",2024-08-22,Free,2024-10-11,NULL,NULL
UIDLC00ad4ff4c1d,18-24,"Tier 3",2024-01-13,Free,2024-04-11,NULL,NULL
UIDLC00ad59616dc,45+,"Tier 2",2024-10-22,Free,NULL,NULL,NULL
UIDLC00ad6f7b5c6,35-44,"Tier 3",2024-05-06,Free,NULL,NULL,NULL
UIDLC00ade23d0c3,18-24,"Tier 3",2024-05-12,Basic,NULL,2024-06-12,Free
UIDLC00ae4f1defe,18-24,"Tier 3",2024-11-20,Free,2024-12-14,NULL,NULL
UIDLC00aef4656da,25-34,"Tier 1",2024-03-16,Basic,NULL,2024-04-16,Free
UIDLC00af9f3f9ba,25-34,"Tier 3",2024-08-19,Free,2024-10-13,NULL,NULL
UIDLC00afaee0ebc,18-24,"Tier 1",2024-09-23,Basic,NULL,NULL,NULL
UIDLC00afc11d5cf,45+,"Tier 3",2024-04-10,Free,NULL,NULL,NULL
UIDLC00afe797977,18-24,"Tier 2",2024-03-20,Free,2024-10-17,NULL,NULL
UIDLC00afe8473b9,25-34,"Tier 1",2024-10-02,Free,NULL,NULL,NULL
UIDLC00b089a6bcf,25-34,"Tier 2",2024-10-13,Basic,NULL,NULL,NULL
UIDLC00b0b0047b7,18-24,"Tier 1",2024-11-15,Free,NULL,NULL,NULL
UIDLC00b0b4d5a4f,35-44,"Tier 3",2024-07-13,Premium,NULL,2024-09-13,Basic
UIDLC00b132ee440,18-24,"Tier 2",2024-09-07,Free,2024-11-04,NULL,NULL
UIDLC00b1a83592d,18-24,"Tier 1",2024-05-22,Free,NULL,NULL,NULL
UIDLC00b1bae7770,25-34,"Tier 3",2024-11-18,Basic,NULL,NULL,NULL
UIDLC00b1f0650a5,35-44,"Tier 2",2024-07-03,Premium,2024-09-19,NULL,NULL
UIDLC00b22eabcb5,18-24,"Tier 2",2024-05-16,Basic,2024-07-14,NULL,NULL
UIDLC00b298321c4,25-34,"Tier 3",2024-10-19,Basic,2024-11-16,NULL,NULL
UIDLC00b2ba18135,18-24,"Tier 3",2024-08-24,Free,2024-10-21,NULL,NULL
UIDLC00b2df73107,25-34,"Tier 2",2024-03-09,Free,2024-04-08,NULL,NULL
UIDLC00b34487913,35-44,"Tier 1",2024-09-02,Premium,2024-10-21,NULL,NULL
UIDLC00b42a2e671,35-44,"Tier 1",2024-10-27,Free,NULL,NULL,NULL
UIDLC00b47a372f1,18-24,"Tier 2",2024-08-26,Free,NULL,NULL,NULL
UIDLC00b4823a198,18-24,"Tier 2",2024-09-06,Free,NULL,NULL,NULL
UIDLC00b5aed0738,35-44,"Tier 1",2024-09-26,Free,2024-11-17,NULL,NULL
UIDLC00b5c0a1949,18-24,"Tier 1",2024-07-24,Free,NULL,NULL,NULL
UIDLC00b61da7e5d,18-24,"Tier 1",2024-04-17,Free,NULL,NULL,NULL
UIDLC00b65e2b554,25-34,"Tier 1",2024-11-27,Free,NULL,NULL,NULL
UIDLC00b6766ebfb,35-44,"Tier 1",2024-09-18,Basic,2024-10-19,NULL,NULL
UIDLC00b6c01bb20,18-24,"Tier 2",2024-10-16,Basic,NULL,NULL,NULL
UIDLC00b6f792abd,35-44,"Tier 3",2024-10-16,Free,NULL,NULL,NULL
UIDLC00b74049021,35-44,"Tier 2",2024-08-24,Free,2024-09-29,NULL,NULL
UIDLC00b743e6d40,25-34,"Tier 3",2024-03-13,Basic,NULL,2024-04-13,Free
UIDLC00b7da3e13a,25-34,"Tier 2",2024-07-18,Premium,2024-11-27,NULL,NULL
UIDLC00b7fdf737d,25-34,"Tier 3",2024-02-11,Free,2024-04-09,NULL,NULL
UIDLC00b8497a7f5,35-44,"Tier 2",2024-06-16,Free,NULL,NULL,NULL
UIDLC00b854a2ef3,25-34,"Tier 3",2024-10-08,Free,NULL,NULL,NULL
UIDLC00b86173fcf,18-24,"Tier 2",2024-07-17,Free,2024-08-17,NULL,NULL
UIDLC00b8751ab8d,18-24,"Tier 3",2024-11-24,Basic,NULL,NULL,NULL
UIDLC00b8be3694c,18-24,"Tier 3",2024-11-15,Free,NULL,NULL,NULL
UIDLC00b8e00572a,45+,"Tier 3",2024-08-16,Free,2024-10-12,NULL,NULL
UIDLC00b8e603b97,35-44,"Tier 1",2024-04-06,Premium,NULL,NULL,NULL
UIDLC00b9640f6da,25-34,"Tier 2",2024-08-24,Free,NULL,NULL,NULL
UIDLC00b97282c8c,18-24,"Tier 3",2024-08-15,Free,2024-09-15,NULL,NULL
UIDLC00b9977f3c5,25-34,"Tier 2",2024-10-16,Free,NULL,NULL,NULL
UIDLC00b9d99e88e,25-34,"Tier 3",2024-05-11,Premium,NULL,2024-07-11,Free
UIDLC00bab8d5b22,35-44,"Tier 2",2024-08-29,Free,2024-12-23,NULL,NULL
UIDLC00bae000a93,45+,"Tier 3",2024-10-28,Free,2024-11-24,NULL,NULL
UIDLC00bbd2d71b9,35-44,"Tier 2",2024-08-01,Premium,NULL,NULL,NULL
UIDLC00bbeea6fa2,25-34,"Tier 2",2024-06-09,Free,NULL,NULL,NULL
UIDLC00bbf196e12,35-44,"Tier 3",2024-10-10,Basic,2024-11-02,NULL,NULL
UIDLC00bc23d4875,18-24,"Tier 3",2024-03-17,Free,2024-04-29,NULL,NULL
UIDLC00bc4ad0a2d,18-24,"Tier 3",2024-11-11,Free,2024-12-09,NULL,NULL
UIDLC00bdbda3f6c,18-24,"Tier 3",2024-05-10,Free,2024-12-03,NULL,NULL
UIDLC00bdfa58263,35-44,"Tier 2",2024-05-10,Basic,NULL,NULL,NULL
UIDLC00be406b305,18-24,"Tier 3",2024-07-30,Free,2024-09-11,NULL,NULL
UIDLC00be9a5a268,18-24,"Tier 3",2024-11-30,Free,NULL,NULL,NULL
UIDLC00beadb885e,18-24,"Tier 2",2024-06-10,Premium,NULL,2024-07-10,Free
UIDLC00befdc2090,18-24,"Tier 3",2024-01-22,Free,2024-03-02,NULL,NULL
UIDLC00bf17e0157,25-34,"Tier 2",2024-08-12,Basic,2024-10-04,NULL,NULL
UIDLC00bf575ba7b,18-24,"Tier 3",2024-03-27,Free,2024-05-16,NULL,NULL
UIDLC00bf7aaadde,25-34,"Tier 3",2024-10-28,Basic,2024-11-19,NULL,NULL
UIDLC00bff866d21,35-44,"Tier 3",2024-11-13,Free,NULL,NULL,NULL
UIDLC00c026804ac,45+,"Tier 3",2024-03-10,Free,NULL,NULL,NULL
UIDLC00c04d032d4,25-34,"Tier 3",2024-08-07,Free,2024-09-21,NULL,NULL
UIDLC00c0e44c1a0,18-24,"Tier 3",2024-05-04,Basic,2024-06-05,NULL,NULL
UIDLC00c11a056ca,35-44,"Tier 1",2024-08-30,Premium,NULL,NULL,NULL
UIDLC00c13d114f5,18-24,"Tier 2",2024-08-05,Free,NULL,NULL,NULL
UIDLC00c153f4f6c,35-44,"Tier 2",2024-06-15,Basic,NULL,NULL,NULL
UIDLC00c1d6781a4,18-24,"Tier 1",2024-10-31,Free,2024-11-26,NULL,NULL
UIDLC00c23c951b8,18-24,"Tier 3",2024-11-10,Free,2024-12-06,NULL,NULL
UIDLC00c2830c52c,25-34,"Tier 2",2024-11-27,Basic,NULL,2024-12-27,Free
UIDLC00c29e367ad,18-24,"Tier 2",2024-04-26,Free,NULL,NULL,NULL
UIDLC00c344dbfb7,35-44,"Tier 3",2024-08-28,Free,2024-10-02,NULL,NULL
UIDLC00c3c2f0b27,18-24,"Tier 1",2024-08-19,Premium,NULL,2024-10-19,Free
UIDLC00c40e8a641,25-34,"Tier 3",2024-11-06,Free,NULL,NULL,NULL
UIDLC00c418fccf1,18-24,"Tier 2",2024-10-10,Free,NULL,NULL,NULL
UIDLC00c52deb33a,25-34,"Tier 3",2024-08-30,Free,NULL,NULL,NULL
UIDLC00c531bb1c3,18-24,"Tier 3",2024-06-28,Basic,NULL,NULL,NULL
UIDLC00c6961a9cf,45+,"Tier 1",2024-08-28,Free,NULL,NULL,NULL
UIDLC00c72273f25,25-34,"Tier 2",2024-03-20,Free,2024-05-03,NULL,NULL
UIDLC00c7d4a57d6,35-44,"Tier 3",2024-11-23,Premium,NULL,NULL,NULL
UIDLC00c805ca8eb,25-34,"Tier 3",2024-02-21,Free,2024-06-16,NULL,NULL
UIDLC00c8aa9b896,25-34,"Tier 3",2024-11-23,Free,2024-12-22,NULL,NULL
UIDLC00c8bfae787,35-44,"Tier 3",2024-08-06,Free,2024-09-13,NULL,NULL
UIDLC00c951332fd,35-44,"Tier 3",2024-11-25,Premium,2024-12-24,NULL,NULL
UIDLC00c996f5e4f,18-24,"Tier 2",2024-01-02,Premium,NULL,2024-02-02,Free
UIDLC00cb6bb5351,45+,"Tier 3",2024-08-13,Free,NULL,2024-10-13,Basic
UIDLC00cb93e2ffb,45+,"Tier 3",2024-10-02,Premium,NULL,NULL,NULL
UIDLC00cbbdf7044,45+,"Tier 3",2024-01-11,Free,2024-02-23,NULL,NULL
UIDLC00cbd67269e,18-24,"Tier 1",2024-07-11,Free,NULL,NULL,NULL
UIDLC00cc065f12e,18-24,"Tier 3",2024-11-23,Free,2024-12-19,NULL,NULL
UIDLC00cc7104174,18-24,"Tier 2",2024-11-15,Free,NULL,NULL,NULL
UIDLC00ccdc27de9,18-24,"Tier 2",2024-11-07,Free,NULL,NULL,NULL
UIDLC00cd1c29ff2,18-24,"Tier 3",2024-03-07,Free,NULL,NULL,NULL
UIDLC00cd9d5d90e,18-24,"Tier 1",2024-08-23,Premium,2024-10-16,NULL,NULL
UIDLC00cdc96113a,18-24,"Tier 3",2024-09-18,Free,2024-11-16,NULL,NULL
UIDLC00cdd3f2a7a,25-34,"Tier 2",2024-01-28,Basic,2024-04-06,NULL,NULL
UIDLC00ce2452f07,18-24,"Tier 2",2024-02-20,Free,2024-04-12,NULL,NULL
UIDLC00cfa5a7938,18-24,"Tier 3",2024-03-29,Free,2024-05-23,NULL,NULL
UIDLC00cfc213e43,35-44,"Tier 3",2024-09-20,Free,2024-11-08,NULL,NULL
UIDLC00d023a10f7,35-44,"Tier 2",2024-11-04,Basic,NULL,NULL,NULL
UIDLC00d0cb55280,18-24,"Tier 3",2024-10-02,Free,NULL,NULL,NULL
UIDLC00d2f702a62,18-24,"Tier 2",2024-08-24,Premium,NULL,2024-09-24,Free
UIDLC00d46cdb004,18-24,"Tier 3",2024-05-02,Basic,2024-08-24,NULL,NULL
UIDLC00d495d1a42,18-24,"Tier 2",2024-11-07,Free,2024-12-06,NULL,NULL
UIDLC00d52baec62,25-34,"Tier 3",2024-10-25,Free,2024-11-20,NULL,NULL
UIDLC00d54a2f212,18-24,"Tier 1",2024-08-17,Basic,NULL,NULL,NULL
UIDLC00d56ec35fa,18-24,"Tier 3",2024-01-19,Free,2024-03-06,NULL,NULL
UIDLC00d58fe4122,45+,"Tier 2",2024-06-07,Free,2024-07-16,NULL,NULL
UIDLC00d5ae537a8,18-24,"Tier 3",2024-06-07,Free,2024-07-18,NULL,NULL
UIDLC00d5bb7998b,18-24,"Tier 1",2024-03-10,Premium,NULL,NULL,NULL
UIDLC00d5e317445,18-24,"Tier 3",2024-11-18,Free,2024-12-16,NULL,NULL
UIDLC00d5f390475,45+,"Tier 3",2024-11-01,Free,2024-11-26,NULL,NULL
UIDLC00d5f7e9ac2,18-24,"Tier 3",2024-11-27,Free,NULL,NULL,NULL
UIDLC00d624feeaf,25-34,"Tier 2",2024-01-18,Basic,NULL,2024-02-18,Free
UIDLC00d64e9ebc6,35-44,"Tier 3",2024-10-05,Free,2024-10-28,NULL,NULL
UIDLC00d68edaf01,18-24,"Tier 3",2024-03-21,Free,2024-05-17,NULL,NULL
UIDLC00d69230cef,18-24,"Tier 3",2024-11-16,Free,2024-12-10,NULL,NULL
UIDLC00d6e5bdde6,35-44,"Tier 3",2024-08-19,Free,NULL,NULL,NULL
UIDLC00d6f66dff4,18-24,"Tier 1",2024-01-22,Basic,NULL,NULL,NULL
UIDLC00d763ae639,45+,"Tier 2",2024-08-24,Basic,NULL,NULL,NULL
UIDLC00d79c27a35,25-34,"Tier 2",2024-07-21,Free,NULL,NULL,NULL
UIDLC00d7ee46028,18-24,"Tier 1",2024-05-16,Free,NULL,NULL,NULL
UIDLC00d82f2e60e,18-24,"Tier 3",2024-01-13,Basic,NULL,2024-03-13,Free
UIDLC00d8bdb790a,35-44,"Tier 2",2024-11-08,Free,2024-11-28,NULL,NULL
UIDLC00d92a90ece,45+,"Tier 2",2024-10-16,Premium,NULL,NULL,NULL
UIDLC00d949817dc,35-44,"Tier 3",2024-11-13,Free,NULL,NULL,NULL
UIDLC00d9b95b7b9,35-44,"Tier 1",2024-06-25,Free,NULL,2024-12-25,Basic
UIDLC00d9c490b99,18-24,"Tier 1",2024-10-18,Premium,NULL,2024-11-18,Free
UIDLC00d9f1cce33,35-44,"Tier 2",2024-08-06,Free,2024-09-17,NULL,NULL
UIDLC00da21ec9a2,18-24,"Tier 2",2024-07-09,Free,2024-08-20,NULL,NULL
UIDLC00da4d58a9a,35-44,"Tier 2",2024-11-14,Free,2024-12-09,NULL,NULL
UIDLC00dac318d18,35-44,"Tier 2",2024-07-05,Free,2024-08-14,NULL,NULL
UIDLC00db8df6622,25-34,"Tier 2",2024-05-30,Premium,NULL,2024-08-30,Free
UIDLC00dbba1abd9,35-44,"Tier 3",2024-11-16,Premium,NULL,2024-12-16,Free
UIDLC00dc234b457,35-44,"Tier 2",2024-09-27,Basic,NULL,2024-12-27,Premium
UIDLC00dc7db1040,18-24,"Tier 1",2024-05-28,Free,2024-07-12,NULL,NULL
UIDLC00dcc2a275d,25-34,"Tier 2",2024-08-29,Free,NULL,NULL,NULL
UIDLC00dde68ebe8,18-24,"Tier 2",2024-11-27,Free,2024-12-25,NULL,NULL
UIDLC00de1edaa2f,18-24,"Tier 3",2024-11-07,Free,NULL,NULL,NULL
UIDLC00de2a5e949,35-44,"Tier 2",2024-11-13,Basic,NULL,NULL,NULL
UIDLC00de6455a37,18-24,"Tier 3",2024-05-21,Free,2024-07-02,NULL,NULL
UIDLC00ded7152bc,35-44,"Tier 3",2024-11-16,Premium,NULL,NULL,NULL
UIDLC00df830331f,25-34,"Tier 3",2024-01-13,Free,2024-02-15,NULL,NULL
UIDLC00dfcabeee8,25-34,"Tier 2",2024-10-23,Basic,NULL,NULL,NULL
UIDLC00e0433343b,25-34,"Tier 3",2024-09-16,Free,2024-10-22,NULL,NULL
UIDLC00e078c38aa,25-34,"Tier 3",2024-11-12,Free,2024-12-05,NULL,NULL
UIDLC00e0ac17faa,25-34,"Tier 2",2024-11-13,Free,NULL,NULL,NULL
UIDLC00e0f99c9f1,18-24,"Tier 2",2024-02-29,Basic,2024-12-13,NULL,NULL
UIDLC00e1eb899d8,35-44,"Tier 2",2024-04-03,Free,2024-05-22,NULL,NULL
UIDLC00e20a183e8,18-24,"Tier 2",2024-07-23,Basic,NULL,NULL,NULL
UIDLC00e22f8a725,18-24,"Tier 1",2024-02-19,Free,NULL,NULL,NULL
UIDLC00e25138ee9,35-44,"Tier 2",2024-05-18,Basic,2024-06-30,NULL,NULL
UIDLC00e2581f683,18-24,"Tier 3",2024-09-19,Free,2024-11-07,NULL,NULL
UIDLC00e2a424710,35-44,"Tier 1",2024-09-01,Free,NULL,2024-12-01,Basic
UIDLC00e39615748,18-24,"Tier 3",2024-09-28,Free,NULL,NULL,NULL
UIDLC00e3f064637,18-24,"Tier 1",2024-05-06,Premium,NULL,2024-06-06,Free
UIDLC00e40393185,25-34,"Tier 1",2024-09-06,Premium,NULL,NULL,NULL
UIDLC00e4706d900,18-24,"Tier 2",2024-02-11,Basic,NULL,2024-03-11,Free
UIDLC00e4b841751,25-34,"Tier 1",2024-08-22,Free,NULL,NULL,NULL
UIDLC00e56e4d009,18-24,"Tier 2",2024-06-17,Basic,NULL,NULL,NULL
UIDLC00e5ed31e8d,18-24,"Tier 3",2024-03-11,Free,NULL,NULL,NULL
UIDLC00e5f8b8498,45+,"Tier 3",2024-08-12,Premium,2024-09-13,NULL,NULL
UIDLC00e702c567e,18-24,"Tier 2",2024-11-07,Free,2024-11-27,NULL,NULL
UIDLC00e7d2606a1,45+,"Tier 3",2024-09-26,Free,2024-10-28,NULL,NULL
UIDLC00e7dd8c569,35-44,"Tier 1",2024-11-24,Free,NULL,NULL,NULL
UIDLC00e7e178243,35-44,"Tier 1",2024-07-18,Free,NULL,2024-08-18,Basic
UIDLC00e7ff8b667,18-24,"Tier 2",2024-08-06,Basic,NULL,NULL,NULL
UIDLC00e80f8442c,45+,"Tier 2",2024-09-11,Free,NULL,NULL,NULL
UIDLC00e88b4184d,45+,"Tier 1",2024-05-17,Basic,NULL,NULL,NULL
UIDLC00e89a510ff,45+,"Tier 3",2024-09-26,Basic,NULL,2024-10-26,Free
UIDLC00e8e4d9578,35-44,"Tier 1",2024-08-10,Premium,NULL,2024-09-10,Free
UIDLC00e94ab7773,25-34,"Tier 2",2024-11-09,Free,NULL,NULL,NULL
UIDLC00e9d7beecf,25-34,"Tier 2",2024-06-17,Free,NULL,NULL,NULL
UIDLC00e9e020bf9,25-34,"Tier 3",2024-07-21,Free,NULL,NULL,NULL
UIDLC00e9fed2d66,18-24,"Tier 3",2024-08-11,Free,2024-10-30,NULL,NULL
UIDLC00ea1cc8a49,35-44,"Tier 3",2024-08-20,Free,2024-09-24,NULL,NULL
UIDLC00ea213e0fc,45+,"Tier 3",2024-08-04,Free,2024-09-14,NULL,NULL
UIDLC00eac0b3e7e,25-34,"Tier 3",2024-03-21,Basic,NULL,NULL,NULL
UIDLC00eaed9a129,18-24,"Tier 2",2024-11-26,Basic,NULL,NULL,NULL
UIDLC00eb8b30599,18-24,"Tier 3",2024-09-25,Free,2024-11-05,NULL,NULL
UIDLC00ebfa97741,18-24,"Tier 1",2024-03-09,Free,2024-05-02,NULL,NULL
UIDLC00ec5514c68,35-44,"Tier 1",2024-11-06,Premium,NULL,NULL,NULL
UIDLC00ec758c90b,18-24,"Tier 2",2024-06-02,Free,NULL,NULL,NULL
UIDLC00ecbfee8f8,35-44,"Tier 3",2024-11-04,Basic,NULL,2024-12-04,Free
UIDLC00ed01485cf,25-34,"Tier 3",2024-09-08,Basic,2024-10-29,NULL,NULL
UIDLC00ed5bf1c3c,18-24,"Tier 2",2024-06-25,Free,NULL,NULL,NULL
UIDLC00ed819260b,45+,"Tier 3",2024-10-08,Free,2024-10-28,NULL,NULL
UIDLC00ee2762a64,45+,"Tier 3",2024-02-27,Premium,NULL,2024-04-27,Free
UIDLC00ee314f97f,45+,"Tier 2",2024-03-10,Basic,2024-10-12,NULL,NULL
UIDLC00ee32a4bf7,18-24,"Tier 2",2024-10-16,Basic,NULL,NULL,NULL
UIDLC00ee342d119,18-24,"Tier 3",2024-11-01,Free,NULL,NULL,NULL
UIDLC00ee37e54b5,25-34,"Tier 1",2024-05-20,Basic,NULL,2024-06-20,Premium
UIDLC00ee9205830,18-24,"Tier 2",2024-06-07,Free,2024-10-16,NULL,NULL
UIDLC00ef295cc94,25-34,"Tier 2",2024-07-08,Basic,NULL,2024-09-08,Free
UIDLC00ef38c13a5,35-44,"Tier 1",2024-10-26,Premium,NULL,NULL,NULL
UIDLC00ef8f0c030,25-34,"Tier 1",2024-09-30,Free,NULL,2024-12-30,Basic
UIDLC00efc06fef2,25-34,"Tier 3",2024-09-21,Basic,2024-10-30,NULL,NULL
UIDLC00efd0136da,35-44,"Tier 2",2024-09-21,Premium,NULL,2024-11-21,Free
UIDLC00f01d779de,18-24,"Tier 2",2024-08-06,Basic,NULL,2024-09-06,Free
UIDLC00f052587d3,25-34,"Tier 2",2024-11-28,Free,NULL,NULL,NULL
UIDLC00f086ebb47,18-24,"Tier 3",2024-07-22,Free,NULL,NULL,NULL
UIDLC00f09adac22,18-24,"Tier 3",2024-10-19,Free,NULL,NULL,NULL
UIDLC00f0c3fbcc6,18-24,"Tier 2",2024-09-28,Premium,2024-11-14,NULL,NULL
UIDLC00f0d59515f,25-34,"Tier 3",2024-01-15,Basic,2024-10-29,NULL,NULL
UIDLC00f13d52664,45+,"Tier 1",2024-05-19,Premium,NULL,NULL,NULL
UIDLC00f2451ca09,18-24,"Tier 1",2024-09-04,Basic,2024-10-16,NULL,NULL
UIDLC00f2c71f223,18-24,"Tier 3",2024-03-15,Free,2024-09-20,NULL,NULL
UIDLC00f2f620d49,35-44,"Tier 1",2024-08-21,Free,NULL,NULL,NULL
UIDLC00f32436622,18-24,"Tier 2",2024-09-22,Basic,NULL,2024-10-22,Free
UIDLC00f342af941,18-24,"Tier 3",2024-01-08,Basic,2024-07-07,NULL,NULL
UIDLC00f3457fd4b,25-34,"Tier 3",2024-02-09,Basic,2024-05-28,NULL,NULL
UIDLC00f38ff92af,45+,"Tier 3",2024-07-05,Free,2024-08-15,NULL,NULL
UIDLC00f3c231132,25-34,"Tier 2",2024-05-24,Basic,2024-06-27,NULL,NULL
UIDLC00f3cef35c2,45+,"Tier 3",2024-10-01,Free,NULL,NULL,NULL
UIDLC00f4a619bf4,25-34,"Tier 2",2024-11-16,Premium,NULL,NULL,NULL
UIDLC00f5a6b5f2f,25-34,"Tier 2",2024-02-21,Basic,NULL,NULL,NULL
UIDLC00f61fac8a3,25-34,"Tier 3",2024-08-17,Basic,2024-09-27,NULL,NULL
UIDLC00f6287eda4,18-24,"Tier 3",2024-10-19,Free,NULL,NULL,NULL
UIDLC00f69cfc933,18-24,"Tier 3",2024-09-30,Free,2024-11-12,NULL,NULL
UIDLC00f6d007420,18-24,"Tier 2",2024-10-20,Premium,NULL,2024-11-20,Free
UIDLC00f6d544e09,45+,"Tier 1",2024-10-24,Free,2024-11-15,NULL,NULL
UIDLC00f70311ff7,25-34,"Tier 2",2024-06-09,Basic,2024-08-02,NULL,NULL
UIDLC00f757cecf2,45+,"Tier 2",2024-05-10,Basic,NULL,2024-07-10,Free
UIDLC00f77832a25,18-24,"Tier 1",2024-02-10,Free,2024-08-22,NULL,NULL
UIDLC00f796f2bda,18-24,"Tier 1",2024-11-29,Free,NULL,NULL,NULL
UIDLC00f7a390699,25-34,"Tier 2",2024-07-02,Free,2024-08-16,NULL,NULL
UIDLC00f7dab5ecc,18-24,"Tier 2",2024-04-29,Basic,NULL,NULL,NULL
UIDLC00f826ac0aa,35-44,"Tier 1",2024-03-06,Free,2024-04-18,NULL,NULL
UIDLC00f89e06939,25-34,"Tier 3",2024-10-12,Free,NULL,NULL,NULL
UIDLC00f9228503e,18-24,"Tier 3",2024-09-01,Premium,NULL,NULL,NULL
UIDLC00f930fa857,45+,"Tier 1",2024-10-22,Premium,NULL,2024-11-22,Free
UIDLC00f946b6833,18-24,"Tier 3",2024-11-15,Basic,2024-12-10,NULL,NULL
UIDLC00fa54868b9,18-24,"Tier 2",2024-11-13,Free,NULL,NULL,NULL
UIDLC00fac707b07,18-24,"Tier 3",2024-10-04,Free,NULL,NULL,NULL
UIDLC00fb65c10ce,25-34,"Tier 1",2024-05-01,Premium,NULL,2024-07-01,Basic
UIDLC00fb94c49a3,18-24,"Tier 1",2024-06-09,Basic,NULL,2024-07-09,Free
UIDLC00fbf44cdda,18-24,"Tier 3",2024-07-21,Free,2024-08-22,NULL,NULL
UIDLC00fc2ae422e,18-24,"Tier 3",2024-11-24,Free,NULL,NULL,NULL
UIDLC00fc65198cf,25-34,"Tier 2",2024-10-24,Free,2024-11-14,NULL,NULL
UIDLC00fcd2c2094,25-34,"Tier 3",2024-07-24,Premium,NULL,2024-08-24,Free
UIDLC00fd100247d,25-34,"Tier 2",2024-08-24,Basic,NULL,2024-09-24,Free
UIDLC00fd9fd192b,18-24,"Tier 3",2024-03-17,Free,2024-05-02,NULL,NULL
UIDLC00fdb4ecf7e,35-44,"Tier 3",2024-04-30,Premium,2024-11-19,NULL,NULL
UIDLC00fe5a6081e,35-44,"Tier 2",2024-10-09,Basic,2024-11-01,NULL,NULL
UIDLC00fee2e9147,18-24,"Tier 2",2024-09-23,Free,NULL,NULL,NULL
UIDLC00ffce9305c,18-24,"Tier 1",2024-10-19,Free,2024-11-12,NULL,NULL
UIDLC01002c8a88b,25-34,"Tier 1",2024-06-02,Free,NULL,NULL,NULL
UIDLC0100824fe1c,25-34,"Tier 3",2024-11-19,Premium,NULL,NULL,NULL
UIDLC0100c9cd5d2,45+,"Tier 1",2024-09-08,Premium,NULL,NULL,NULL
UIDLC01011445f12,25-34,"Tier 2",2024-09-24,Premium,NULL,2024-11-24,Free
UIDLC01018d943a7,25-34,"Tier 3",2024-11-26,Basic,NULL,2024-12-26,Free
UIDLC01023c19bc7,45+,"Tier 2",2024-09-02,Free,NULL,NULL,NULL
UIDLC010264822c0,18-24,"Tier 2",2024-02-12,Free,2024-10-21,NULL,NULL
UIDLC0102a0ce1a9,18-24,"Tier 3",2024-08-23,Free,NULL,NULL,NULL
UIDLC0103e4100b0,35-44,"Tier 2",2024-09-11,Free,2024-10-31,NULL,NULL
UIDLC01040c9b380,18-24,"Tier 2",2024-09-25,Free,2024-11-05,NULL,NULL
UIDLC010419ba778,45+,"Tier 3",2024-06-22,Free,2024-08-07,NULL,NULL
UIDLC010486f7f7a,25-34,"Tier 2",2024-02-03,Basic,NULL,NULL,NULL
UIDLC01048a6e48d,35-44,"Tier 3",2024-06-02,Free,2024-07-09,NULL,NULL
UIDLC01049bde70c,18-24,"Tier 3",2024-07-15,Basic,2024-08-31,NULL,NULL
UIDLC0104a44f357,18-24,"Tier 3",2024-09-04,Free,2024-11-01,NULL,NULL
UIDLC0104df9cbc3,18-24,"Tier 1",2024-11-28,Basic,NULL,NULL,NULL
UIDLC010539b8ced,25-34,"Tier 3",2024-10-22,Free,NULL,NULL,NULL
UIDLC01058727c69,18-24,"Tier 3",2024-01-23,Free,2024-02-22,NULL,NULL
UIDLC0106533ff60,25-34,"Tier 3",2024-10-03,Basic,NULL,NULL,NULL
UIDLC01065bc25f5,25-34,"Tier 1",2024-11-16,Basic,NULL,2024-12-16,Premium
UIDLC01067895626,18-24,"Tier 2",2024-03-21,Premium,NULL,2024-05-21,Basic
UIDLC01068bec6fa,18-24,"Tier 1",2024-06-22,Premium,NULL,2024-07-22,Free
UIDLC010713eeb6e,25-34,"Tier 2",2024-10-20,Free,2024-11-28,NULL,NULL
UIDLC01073cfebd0,18-24,"Tier 3",2024-05-12,Basic,NULL,NULL,NULL
UIDLC01075e35e36,18-24,"Tier 2",2024-08-26,Free,NULL,NULL,NULL
UIDLC0107634be9b,18-24,"Tier 3",2024-11-11,Free,NULL,NULL,NULL
UIDLC01084b4a153,35-44,"Tier 3",2024-06-08,Free,2024-07-08,NULL,NULL
UIDLC0108567965f,18-24,"Tier 3",2024-03-07,Premium,NULL,2024-05-07,Free
UIDLC0108d631365,18-24,"Tier 1",2024-03-02,Premium,NULL,2024-04-02,Basic
UIDLC0109a52c112,35-44,"Tier 2",2024-11-15,Free,NULL,NULL,NULL
UIDLC010a1ae2ab6,18-24,"Tier 3",2024-11-15,Free,2024-12-14,NULL,NULL
UIDLC010a721fb7a,25-34,"Tier 2",2024-07-21,Free,2024-09-11,NULL,NULL
UIDLC010a814dbc8,45+,"Tier 2",2024-09-28,Free,NULL,NULL,NULL
UIDLC010acf9449a,18-24,"Tier 1",2024-10-22,Free,NULL,NULL,NULL
UIDLC010b2c6255c,18-24,"Tier 3",2024-07-14,Free,NULL,NULL,NULL
UIDLC010b3c75b42,25-34,"Tier 2",2024-07-13,Basic,NULL,NULL,NULL
UIDLC010b70cf8b7,18-24,"Tier 1",2024-06-03,Free,2024-07-21,NULL,NULL
UIDLC010bd109128,18-24,"Tier 3",2024-11-24,Free,2024-12-20,NULL,NULL
UIDLC010c491287b,18-24,"Tier 3",2024-11-05,Free,2024-11-29,NULL,NULL
UIDLC010cb3bccdd,45+,"Tier 1",2024-02-29,Premium,NULL,2024-03-29,Free
UIDLC010ce9fc4c9,18-24,"Tier 2",2024-03-14,Free,2024-04-26,NULL,NULL
UIDLC010d8c7aa11,45+,"Tier 1",2024-10-24,Free,NULL,NULL,NULL
UIDLC010e0b3765a,35-44,"Tier 3",2024-06-27,Free,NULL,NULL,NULL
UIDLC010e4ec0252,18-24,"Tier 3",2024-07-31,Free,2024-09-16,NULL,NULL
UIDLC010ecf1ce33,18-24,"Tier 2",2024-03-10,Free,2024-05-04,NULL,NULL
UIDLC010f0d7535c,25-34,"Tier 1",2024-07-10,Premium,NULL,NULL,NULL
UIDLC010f2edf4b9,25-34,"Tier 3",2024-08-07,Free,2024-10-26,NULL,NULL
UIDLC011076fc7d8,18-24,"Tier 1",2024-04-19,Free,2024-05-26,NULL,NULL
UIDLC0110f56f39e,35-44,"Tier 1",2024-08-10,Basic,2024-11-08,NULL,NULL
UIDLC011106565d2,25-34,"Tier 1",2024-03-26,Basic,NULL,NULL,NULL
UIDLC01111dffcc5,25-34,"Tier 3",2024-09-12,Basic,NULL,NULL,NULL
UIDLC01115a01ed1,18-24,"Tier 3",2024-04-30,Basic,2024-06-13,NULL,NULL
UIDLC01120270847,25-34,"Tier 2",2024-09-21,Free,NULL,NULL,NULL
UIDLC01127a5af74,18-24,"Tier 1",2024-09-16,Free,NULL,NULL,NULL
UIDLC011281ea60b,18-24,"Tier 3",2024-07-19,Basic,NULL,2024-08-19,Free
UIDLC0112b5d2862,25-34,"Tier 2",2024-07-25,Free,NULL,NULL,NULL
UIDLC0112de7ff41,18-24,"Tier 3",2024-11-25,Free,NULL,NULL,NULL
UIDLC01138936fa8,18-24,"Tier 2",2024-08-22,Free,2024-10-17,NULL,NULL
UIDLC01139fee271,35-44,"Tier 3",2024-03-14,Basic,2024-04-17,NULL,NULL
UIDLC0114116524c,18-24,"Tier 2",2024-06-12,Basic,2024-08-10,NULL,NULL
UIDLC0114eb1d54c,35-44,"Tier 1",2024-10-02,Premium,NULL,NULL,NULL
UIDLC0116d8f8257,25-34,"Tier 3",2024-08-07,Free,2024-09-16,NULL,NULL
UIDLC0117f8969e0,18-24,"Tier 3",2024-11-08,Free,NULL,NULL,NULL
UIDLC0118684d319,18-24,"Tier 1",2024-05-16,Premium,NULL,2024-06-16,Basic
UIDLC011946d84c9,25-34,"Tier 3",2024-08-17,Free,2024-10-04,NULL,NULL
UIDLC01195102783,18-24,"Tier 2",2024-08-04,Basic,NULL,NULL,NULL
UIDLC0119a3988b7,25-34,"Tier 2",2024-02-04,Basic,NULL,2024-03-04,Free
UIDLC011aa7a4e0f,18-24,"Tier 2",2024-09-24,Basic,2024-11-22,NULL,NULL
UIDLC011af5e0a17,25-34,"Tier 2",2024-03-19,Free,2024-04-24,NULL,NULL
UIDLC011be2bd742,25-34,"Tier 3",2024-10-13,Free,2024-11-05,NULL,NULL
UIDLC011c33b2246,25-34,"Tier 2",2024-10-17,Free,2024-11-09,NULL,NULL
UIDLC011ca9ad335,35-44,"Tier 1",2024-11-26,Premium,NULL,2024-12-26,Free
UIDLC011cfc425c7,18-24,"Tier 3",2024-10-18,Basic,NULL,NULL,NULL
UIDLC011d856ce95,25-34,"Tier 2",2024-11-12,Basic,NULL,NULL,NULL
UIDLC011da99b9c2,35-44,"Tier 1",2024-04-24,Free,2024-06-11,NULL,NULL
UIDLC011e2da2730,18-24,"Tier 3",2024-03-04,Free,2024-04-10,NULL,NULL
UIDLC011e5c070a8,35-44,"Tier 1",2024-06-12,Free,2024-08-03,NULL,NULL
UIDLC011e7e69557,25-34,"Tier 3",2024-07-05,Free,NULL,NULL,NULL
UIDLC011f4d60390,18-24,"Tier 1",2024-10-10,Basic,NULL,NULL,NULL
UIDLC011f9b8cf31,35-44,"Tier 2",2024-09-04,Free,2024-10-21,NULL,NULL
UIDLC011f9f911f8,25-34,"Tier 1",2024-10-06,Premium,2024-10-26,NULL,NULL
UIDLC0120fcc812c,25-34,"Tier 1",2024-10-29,Free,2024-11-19,NULL,NULL
UIDLC0121ca1f2e1,25-34,"Tier 1",2024-11-19,Basic,NULL,NULL,NULL
UIDLC012283b27b1,18-24,"Tier 2",2024-08-31,Free,2024-10-17,NULL,NULL
UIDLC012297d3491,45+,"Tier 2",2024-10-29,Free,NULL,NULL,NULL
UIDLC01237f570d8,45+,"Tier 2",2024-06-15,Basic,NULL,NULL,NULL
UIDLC012383f2e9e,45+,"Tier 3",2024-10-14,Free,2024-11-08,NULL,NULL
UIDLC01239e9a00c,18-24,"Tier 3",2024-05-20,Free,2024-07-13,NULL,NULL
UIDLC0123a83c537,25-34,"Tier 3",2024-04-03,Free,2024-06-01,NULL,NULL
UIDLC0123b291a46,18-24,"Tier 3",2024-10-28,Free,2024-11-19,NULL,NULL
UIDLC01240af0ae7,18-24,"Tier 3",2024-11-17,Free,NULL,NULL,NULL
UIDLC012471dd6bc,18-24,"Tier 3",2024-08-30,Free,2024-10-04,NULL,NULL
UIDLC0124f53dc77,18-24,"Tier 3",2024-06-30,Premium,2024-09-23,NULL,NULL
UIDLC012538b239f,18-24,"Tier 1",2024-08-21,Basic,NULL,NULL,NULL
UIDLC0125af4a417,25-34,"Tier 3",2024-10-13,Free,NULL,NULL,NULL
UIDLC0126b5b210a,18-24,"Tier 2",2024-06-19,Premium,NULL,2024-08-19,Free
UIDLC01270e0d658,25-34,"Tier 3",2024-01-31,Free,NULL,NULL,NULL
UIDLC0127f7a2597,25-34,"Tier 2",2024-11-05,Basic,NULL,NULL,NULL
UIDLC01287508a9c,35-44,"Tier 3",2024-11-13,Free,NULL,NULL,NULL
UIDLC0128a2ea723,18-24,"Tier 2",2024-01-09,Premium,2024-04-26,NULL,NULL
UIDLC0128dadd3a5,25-34,"Tier 3",2024-10-25,Free,NULL,NULL,NULL
UIDLC01298b63b12,18-24,"Tier 2",2024-09-09,Basic,2024-10-10,NULL,NULL
UIDLC0129f059496,18-24,"Tier 2",2024-09-08,Free,2024-10-19,NULL,NULL
UIDLC0129fd98f9c,45+,"Tier 1",2024-08-05,Premium,NULL,NULL,NULL
UIDLC012a3825b70,18-24,"Tier 3",2024-11-10,Basic,NULL,NULL,NULL
UIDLC012a83001e1,18-24,"Tier 2",2024-11-15,Basic,NULL,NULL,NULL
UIDLC012b65d8434,25-34,"Tier 2",2024-10-25,Basic,NULL,NULL,NULL
UIDLC012bb3518ab,25-34,"Tier 2",2024-11-13,Basic,NULL,NULL,NULL
UIDLC012bcb24e49,18-24,"Tier 3",2024-06-29,Free,2024-08-22,NULL,NULL
UIDLC012bd54f70b,18-24,"Tier 3",2024-08-25,Free,NULL,NULL,NULL
UIDLC012c16553e7,18-24,"Tier 2",2024-10-12,Premium,NULL,NULL,NULL
UIDLC012c8f55caf,25-34,"Tier 1",2024-06-22,Premium,NULL,2024-08-22,Free
UIDLC012d92f580a,18-24,"Tier 2",2024-09-22,Basic,2024-10-29,NULL,NULL
UIDLC012dc374b5b,18-24,"Tier 2",2024-10-28,Basic,NULL,NULL,NULL
UIDLC012dcacbe1a,18-24,"Tier 3",2024-11-02,Free,2024-11-27,NULL,NULL
UIDLC012dd92eadf,35-44,"Tier 3",2024-05-06,Free,NULL,NULL,NULL
UIDLC012e3bd9e5e,35-44,"Tier 1",2024-05-20,Premium,NULL,2024-07-20,Free
UIDLC012e3fc4a5d,45+,"Tier 1",2024-07-27,Basic,NULL,NULL,NULL
UIDLC012e4dbe724,25-34,"Tier 1",2024-11-27,Free,NULL,NULL,NULL
UIDLC012ea9930f8,25-34,"Tier 2",2024-05-28,Basic,2024-07-15,NULL,NULL
UIDLC012ee6b235b,25-34,"Tier 2",2024-08-26,Free,2024-10-09,NULL,NULL
UIDLC012eff532ad,25-34,"Tier 1",2024-09-03,Free,2024-10-28,NULL,NULL
UIDLC012f4fe7f5c,25-34,"Tier 2",2024-09-10,Basic,NULL,NULL,NULL
UIDLC012f67f6be3,18-24,"Tier 3",2024-04-23,Free,NULL,NULL,NULL
UIDLC012f85517ad,18-24,"Tier 3",2024-10-09,Free,NULL,NULL,NULL
UIDLC0130086ea93,18-24,"Tier 2",2024-11-21,Basic,NULL,NULL,NULL
UIDLC0130203610d,45+,"Tier 2",2024-08-18,Free,NULL,NULL,NULL
UIDLC01303f0c53b,45+,"Tier 1",2024-11-18,Free,2024-12-10,NULL,NULL
UIDLC01309afd46e,18-24,"Tier 3",2024-11-08,Basic,NULL,2024-12-08,Free
UIDLC0130c438a90,45+,"Tier 2",2024-01-29,Premium,2024-10-21,NULL,NULL
UIDLC0130c57edca,18-24,"Tier 3",2024-09-04,Premium,2024-10-22,NULL,NULL
UIDLC01324d7fb1e,18-24,"Tier 3",2024-09-29,Premium,NULL,2024-10-29,Free
UIDLC01332cbdf92,25-34,"Tier 2",2024-11-09,Free,2024-11-29,NULL,NULL
UIDLC0133627234d,18-24,"Tier 2",2024-09-21,Basic,2024-11-19,NULL,NULL
UIDLC0133c19f5ce,18-24,"Tier 3",2024-06-01,Premium,2024-10-12,NULL,NULL
UIDLC01343b55e25,18-24,"Tier 2",2024-07-21,Free,2024-08-26,NULL,NULL
UIDLC01347cfbc63,18-24,"Tier 3",2024-09-05,Basic,2024-10-24,NULL,NULL
UIDLC01348fba914,25-34,"Tier 3",2024-03-15,Basic,NULL,2024-05-15,Free
UIDLC0134921d3d3,18-24,"Tier 3",2024-11-13,Basic,NULL,NULL,NULL
UIDLC0134a8d2fbe,25-34,"Tier 2",2024-03-26,Free,NULL,NULL,NULL
UIDLC0134e75d14c,18-24,"Tier 1",2024-11-12,Free,2024-12-09,NULL,NULL
UIDLC0134eeafac8,45+,"Tier 2",2024-10-23,Free,NULL,NULL,NULL
UIDLC013541cf8ce,18-24,"Tier 3",2024-05-19,Basic,2024-06-28,NULL,NULL
UIDLC01358b0ef41,18-24,"Tier 3",2024-07-17,Free,2024-11-13,NULL,NULL
UIDLC013601be703,45+,"Tier 1",2024-09-09,Basic,NULL,2024-10-09,Free
UIDLC01361c73f56,35-44,"Tier 2",2024-07-31,Basic,2024-10-27,NULL,NULL
UIDLC0136b5e2e56,18-24,"Tier 3",2024-06-01,Free,2024-07-12,NULL,NULL
UIDLC0136bdb2258,35-44,"Tier 2",2024-11-05,Premium,NULL,NULL,NULL
UIDLC01375a9f3d9,35-44,"Tier 2",2024-06-05,Premium,NULL,2024-08-05,Basic
UIDLC013848ededc,35-44,"Tier 2",2024-11-03,Basic,NULL,NULL,NULL
UIDLC01385d085d9,35-44,"Tier 3",2024-08-14,Free,NULL,NULL,NULL
UIDLC01386899d68,25-34,"Tier 3",2024-08-27,Free,2024-10-07,NULL,NULL
UIDLC01390f54f8a,18-24,"Tier 2",2024-04-17,Free,2024-06-03,NULL,NULL
UIDLC013935dee27,25-34,"Tier 2",2024-10-07,Basic,NULL,NULL,NULL
UIDLC0139ea05fe8,35-44,"Tier 3",2024-11-06,Basic,2024-11-26,NULL,NULL
UIDLC013a5160962,18-24,"Tier 2",2024-04-27,Basic,NULL,2024-06-27,Free
UIDLC013a937ab54,18-24,"Tier 3",2024-11-06,Free,NULL,NULL,NULL
UIDLC013aeec08f2,18-24,"Tier 3",2024-07-20,Free,NULL,NULL,NULL
UIDLC013ba165825,25-34,"Tier 2",2024-04-11,Free,2024-06-01,NULL,NULL
UIDLC013c1e334c7,45+,"Tier 2",2024-11-21,Basic,NULL,NULL,NULL
UIDLC013c7b40886,35-44,"Tier 3",2024-10-14,Free,2024-11-07,NULL,NULL
UIDLC013cb619144,25-34,"Tier 2",2024-08-31,Free,2024-10-24,NULL,NULL
UIDLC013cd85ca9d,18-24,"Tier 3",2024-04-20,Free,2024-05-26,NULL,NULL
UIDLC013ce53d017,18-24,"Tier 2",2024-09-05,Free,2024-10-06,NULL,NULL
UIDLC013cfb6998b,18-24,"Tier 3",2024-11-06,Free,2024-12-05,NULL,NULL
UIDLC013dbd43d6d,35-44,"Tier 2",2024-10-16,Basic,NULL,NULL,NULL
UIDLC013dedba401,18-24,"Tier 2",2024-09-21,Basic,2024-11-08,NULL,NULL
UIDLC013e79ef6b9,35-44,"Tier 1",2024-04-19,Free,2024-06-15,NULL,NULL
UIDLC013eacc04c1,25-34,"Tier 2",2024-11-14,Free,NULL,NULL,NULL
UIDLC013f39cd731,25-34,"Tier 2",2024-11-29,Free,NULL,NULL,NULL
UIDLC01400cfc4bd,18-24,"Tier 1",2024-10-10,Free,2024-11-05,NULL,NULL
UIDLC0140390b336,35-44,"Tier 2",2024-01-08,Premium,NULL,2024-06-08,Free
UIDLC01405c3f164,35-44,"Tier 2",2024-04-08,Basic,NULL,NULL,NULL
UIDLC0140a9e7254,18-24,"Tier 3",2024-07-16,Free,2024-09-03,NULL,NULL
UIDLC0140c339895,18-24,"Tier 2",2024-07-25,Free,2024-09-19,NULL,NULL
UIDLC0140e256375,18-24,"Tier 3",2024-06-15,Basic,NULL,2024-08-15,Free
UIDLC0140fc165cc,25-34,"Tier 1",2024-02-06,Free,NULL,NULL,NULL
UIDLC014109d76b0,25-34,"Tier 3",2024-08-24,Premium,NULL,2024-09-24,Basic
UIDLC014119a7349,18-24,"Tier 3",2024-07-09,Free,2024-08-16,NULL,NULL
UIDLC01419ba01fe,18-24,"Tier 3",2024-05-26,Free,2024-07-21,NULL,NULL
UIDLC0141d63ceaf,18-24,"Tier 2",2024-11-09,Basic,NULL,NULL,NULL
UIDLC0141f8382fd,18-24,"Tier 1",2024-02-08,Free,2024-03-26,NULL,NULL
UIDLC01423942f4e,18-24,"Tier 3",2024-11-02,Basic,2024-12-01,NULL,NULL
UIDLC01429103f42,25-34,"Tier 2",2024-09-16,Basic,NULL,2024-11-16,Free
UIDLC01435394c42,25-34,"Tier 3",2024-01-08,Premium,NULL,2024-02-08,Free
UIDLC01437490002,18-24,"Tier 1",2024-09-22,Free,2024-11-09,NULL,NULL
UIDLC0144916590c,18-24,"Tier 2",2024-01-18,Free,2024-03-12,NULL,NULL
UIDLC014495ee64c,18-24,"Tier 1",2024-08-31,Basic,2024-10-14,NULL,NULL
UIDLC01473e768cd,35-44,"Tier 3",2024-08-25,Free,NULL,NULL,NULL
UIDLC01474ca241c,18-24,"Tier 2",2024-10-06,Free,2024-10-28,NULL,NULL
UIDLC01486289036,18-24,"Tier 3",2024-10-01,Premium,NULL,2024-11-01,Basic
UIDLC01488ba1710,25-34,"Tier 2",2024-03-06,Free,2024-04-23,NULL,NULL
UIDLC0148b1541a7,35-44,"Tier 3",2024-10-04,Free,2024-10-24,NULL,NULL
UIDLC0149103febd,45+,"Tier 2",2024-06-08,Basic,2024-11-05,NULL,NULL
UIDLC014986587c5,18-24,"Tier 1",2024-11-01,Premium,2024-11-22,NULL,NULL
UIDLC0149e931499,45+,"Tier 3",2024-10-17,Free,NULL,NULL,NULL
UIDLC0149ef1cfa6,45+,"Tier 3",2024-08-02,Basic,2024-09-03,NULL,NULL
UIDLC0149f37746e,18-24,"Tier 3",2024-10-01,Basic,NULL,NULL,NULL
UIDLC014a2328000,18-24,"Tier 3",2024-10-29,Free,NULL,NULL,NULL
UIDLC014aa3ab1d0,18-24,"Tier 3",2024-11-16,Premium,2024-12-15,NULL,NULL
UIDLC014abb92297,18-24,"Tier 3",2024-11-15,Free,2024-12-05,NULL,NULL
UIDLC014ac99115f,35-44,"Tier 2",2024-03-01,Free,2024-06-26,NULL,NULL
UIDLC014ad20702e,18-24,"Tier 3",2024-11-02,Premium,NULL,NULL,NULL
UIDLC014bc63e577,18-24,"Tier 2",2024-04-07,Basic,2024-06-05,NULL,NULL
UIDLC014c0e36963,18-24,"Tier 2",2024-10-14,Basic,NULL,2024-11-14,Free
UIDLC014c36a8b1e,18-24,"Tier 2",2024-11-26,Free,NULL,NULL,NULL
UIDLC014c811c8cb,18-24,"Tier 3",2024-06-09,Free,NULL,NULL,NULL
UIDLC014c92eaa76,25-34,"Tier 3",2024-04-05,Free,2024-05-08,NULL,NULL
UIDLC014c97e1c88,25-34,"Tier 3",2024-11-06,Free,NULL,NULL,NULL
UIDLC014cb9869f9,18-24,"Tier 3",2024-04-30,Basic,2024-06-14,NULL,NULL
UIDLC014cdff64f8,25-34,"Tier 1",2024-08-07,Free,2024-09-16,NULL,NULL
UIDLC014d07d31ca,18-24,"Tier 3",2024-08-30,Free,2024-10-25,NULL,NULL
UIDLC014d33b8170,18-24,"Tier 1",2024-09-26,Premium,NULL,2024-11-26,Free
UIDLC014d3d83f6d,18-24,"Tier 3",2024-11-30,Basic,2024-12-26,NULL,NULL
UIDLC014dbba1515,35-44,"Tier 3",2024-04-17,Basic,NULL,NULL,NULL
UIDLC014dc67bcd5,18-24,"Tier 2",2024-02-13,Premium,NULL,2024-04-13,Free
UIDLC014e675821a,18-24,"Tier 2",2024-10-25,Free,NULL,NULL,NULL
UIDLC014e6a90d8c,25-34,"Tier 3",2024-05-24,Free,2024-12-01,NULL,NULL
UIDLC014e99d4052,35-44,"Tier 2",2024-10-01,Free,NULL,2024-11-01,Basic
UIDLC014ef447e0d,25-34,"Tier 3",2024-04-15,Free,2024-07-05,NULL,NULL
UIDLC014efd10d57,25-34,"Tier 2",2024-08-09,Free,2024-09-11,NULL,NULL
UIDLC014f1c1509c,18-24,"Tier 3",2024-11-27,Free,2024-12-23,NULL,NULL
UIDLC014f801b158,18-24,"Tier 2",2024-11-14,Basic,NULL,NULL,NULL
UIDLC014f8abc3ca,45+,"Tier 2",2024-07-12,Basic,NULL,NULL,NULL
UIDLC014fe89ca17,25-34,"Tier 1",2024-10-07,Free,2024-11-04,NULL,NULL
UIDLC01504de257e,25-34,"Tier 2",2024-10-08,Free,NULL,NULL,NULL
UIDLC01514aaec03,18-24,"Tier 2",2024-08-20,Free,2024-10-02,NULL,NULL
UIDLC015159cf0b4,18-24,"Tier 3",2024-02-08,Free,2024-04-11,NULL,NULL
UIDLC0151741f67d,18-24,"Tier 1",2024-10-07,Free,NULL,NULL,NULL
UIDLC0151af76cbe,35-44,"Tier 2",2024-11-18,Free,NULL,NULL,NULL
UIDLC0151b5d32cc,35-44,"Tier 1",2024-06-15,Basic,2024-08-11,NULL,NULL
UIDLC0151bcd0718,18-24,"Tier 2",2024-05-12,Free,2024-07-08,NULL,NULL
UIDLC0151e79397b,25-34,"Tier 2",2024-03-27,Basic,NULL,NULL,NULL
UIDLC0152106f83e,18-24,"Tier 2",2024-09-18,Free,NULL,NULL,NULL
UIDLC0152a531ff9,18-24,"Tier 2",2024-08-10,Free,NULL,NULL,NULL
UIDLC0152fa982a9,25-34,"Tier 3",2024-07-05,Free,2024-08-31,NULL,NULL
UIDLC0152fb00d15,18-24,"Tier 3",2024-10-04,Basic,NULL,NULL,NULL
UIDLC0153626a844,18-24,"Tier 2",2024-11-22,Basic,NULL,2024-12-22,Free
UIDLC0154990d8bc,18-24,"Tier 3",2024-04-16,Free,2024-05-16,NULL,NULL
UIDLC01550ca13ea,18-24,"Tier 3",2024-07-21,Free,2024-08-22,NULL,NULL
UIDLC0155224f676,35-44,"Tier 3",2024-02-13,Free,2024-06-28,NULL,NULL
UIDLC015536063b4,18-24,"Tier 2",2024-02-20,Free,2024-04-11,NULL,NULL
UIDLC015546967b8,35-44,"Tier 1",2024-07-10,Premium,NULL,NULL,NULL
UIDLC0155553da4d,18-24,"Tier 2",2024-09-15,Free,2024-11-03,NULL,NULL
UIDLC01556ca6efc,25-34,"Tier 1",2024-06-15,Basic,NULL,2024-09-15,Premium
UIDLC0155774832a,45+,"Tier 3",2024-09-22,Free,2024-11-03,NULL,NULL
UIDLC01558b0da7d,45+,"Tier 1",2024-10-21,Premium,NULL,NULL,NULL
UIDLC0155a19cff4,18-24,"Tier 3",2024-06-12,Free,2024-07-17,NULL,NULL
UIDLC0155f93ec81,18-24,"Tier 1",2024-11-10,Basic,NULL,2024-12-10,Free
UIDLC01568f89dc4,25-34,"Tier 2",2024-10-16,Basic,NULL,NULL,NULL
UIDLC01570ed83ee,25-34,"Tier 2",2024-09-01,Premium,NULL,2024-11-01,Free
UIDLC01572f5b3b6,25-34,"Tier 2",2024-07-06,Free,NULL,NULL,NULL
UIDLC0157349bbdb,45+,"Tier 3",2024-11-06,Free,2024-11-27,NULL,NULL
UIDLC01573a74ccd,18-24,"Tier 1",2024-10-21,Free,NULL,NULL,NULL
UIDLC01577a6421c,18-24,"Tier 2",2024-06-22,Basic,NULL,NULL,NULL
UIDLC015794a731d,35-44,"Tier 3",2024-01-26,Free,2024-10-09,NULL,NULL
UIDLC0157e16f9bb,18-24,"Tier 3",2024-09-24,Free,2024-10-24,NULL,NULL
UIDLC0157f4b71b8,18-24,"Tier 1",2024-07-23,Premium,NULL,2024-08-23,Free
UIDLC01581feb139,18-24,"Tier 3",2024-08-07,Free,2024-11-22,NULL,NULL
UIDLC015874c6006,25-34,"Tier 3",2024-08-01,Basic,2024-09-06,NULL,NULL
UIDLC01588e511bd,35-44,"Tier 2",2024-10-26,Basic,NULL,NULL,NULL
UIDLC0158becd19f,18-24,"Tier 3",2024-11-24,Free,NULL,NULL,NULL
UIDLC0159d360acd,18-24,"Tier 3",2024-10-02,Free,NULL,NULL,NULL
UIDLC0159ff323f9,18-24,"Tier 3",2024-09-16,Free,2024-11-08,NULL,NULL
UIDLC015a84a8519,18-24,"Tier 1",2024-11-09,Free,NULL,NULL,NULL
UIDLC015a9355543,18-24,"Tier 2",2024-01-06,Free,2024-02-25,NULL,NULL
UIDLC015b0632cfe,18-24,"Tier 2",2024-09-27,Free,NULL,NULL,NULL
UIDLC015bcee5731,35-44,"Tier 1",2024-03-29,Free,NULL,NULL,NULL
UIDLC015c14eddf2,25-34,"Tier 1",2024-09-17,Basic,2024-11-11,NULL,NULL
UIDLC015c8ae62dc,45+,"Tier 3",2024-10-09,Free,2024-10-29,NULL,NULL
UIDLC015d3383f53,25-34,"Tier 2",2024-01-15,Basic,2024-03-04,NULL,NULL
UIDLC015d4f8c7fe,35-44,"Tier 3",2024-11-05,Free,NULL,NULL,NULL
UIDLC015d8bc9f63,25-34,"Tier 3",2024-03-31,Free,2024-05-28,NULL,NULL
UIDLC015e179c831,25-34,"Tier 2",2024-11-20,Free,2024-12-13,NULL,NULL
UIDLC015e48e75f5,35-44,"Tier 2",2024-11-29,Basic,NULL,NULL,NULL
UIDLC015e6a1277d,18-24,"Tier 2",2024-09-30,Free,NULL,NULL,NULL
UIDLC015ece71a8f,18-24,"Tier 3",2024-10-28,Free,NULL,NULL,NULL
UIDLC015efa86a97,25-34,"Tier 3",2024-09-13,Free,NULL,NULL,NULL
UIDLC015f59655d4,25-34,"Tier 2",2024-11-24,Free,NULL,NULL,NULL
UIDLC015f8d74eab,25-34,"Tier 2",2024-06-27,Free,NULL,NULL,NULL
UIDLC01608d9c35a,35-44,"Tier 1",2024-11-01,Free,2024-11-24,NULL,NULL
UIDLC0160aca5d30,35-44,"Tier 2",2024-09-07,Basic,NULL,NULL,NULL
UIDLC01621b50748,25-34,"Tier 3",2024-02-14,Free,2024-11-14,NULL,NULL
UIDLC016258341f1,18-24,"Tier 1",2024-05-29,Basic,NULL,NULL,NULL
UIDLC01626a1b691,25-34,"Tier 1",2024-09-04,Premium,NULL,2024-10-04,Free
UIDLC01629b8e693,35-44,"Tier 2",2024-08-28,Basic,NULL,NULL,NULL
UIDLC0162c158134,18-24,"Tier 3",2024-10-28,Free,2024-11-23,NULL,NULL
UIDLC0163befcaf9,35-44,"Tier 3",2024-07-07,Premium,NULL,2024-09-07,Free
UIDLC0163e5ef846,25-34,"Tier 3",2024-09-13,Free,NULL,NULL,NULL
UIDLC01644f2bed8,25-34,"Tier 1",2024-08-22,Free,NULL,NULL,NULL
UIDLC016464bb035,25-34,"Tier 1",2024-10-19,Premium,NULL,NULL,NULL
UIDLC016548519d6,25-34,"Tier 3",2024-08-25,Free,2024-11-11,NULL,NULL
UIDLC01654cd8646,25-34,"Tier 2",2024-07-22,Basic,NULL,NULL,NULL
UIDLC016582e12d4,25-34,"Tier 1",2024-06-06,Free,2024-07-25,NULL,NULL
UIDLC01658349290,25-34,"Tier 1",2024-11-08,Free,NULL,NULL,NULL
