content_id,content_type,language,genre,run_time
CLCMENACT6b77e,Movie,English,Action,120
CLCMENACTb7ceb,Movie,English,Action,135
CLCMENCOM1563a,Movie,English,Comedy,135
CLCMENCOM16d2c,Movie,English,Comedy,135
CLCMENCOMa0548,Movie,English,Comedy,135
CLCMENCOMfc59a,Movie,English,Comedy,120
CLCMENDRA181ab,Movie,English,Drama,135
CLCMENDRA21292,Movie,English,Drama,180
CLCMENDRA236a8,Movie,English,Drama,120
CLCMENDRA258e2,Movie,English,Drama,135
CLCMENDRA3a0ef,Movie,English,Drama,120
CLCMENDRA40a91,Movie,English,Drama,135
CLCMENDRA40e4f,Movie,English,Drama,180
CLCMENDRA485c7,Movie,English,Drama,90
CLCMENDRA72fc6,Movie,English,Drama,150
CLCMENDRA77c0e,Movie,English,Drama,120
CLCMENDRA7adb9,Movie,English,Drama,120
CLCMENDRA7e071,Movie,English,Drama,120
CLCMENDRA9ff39,Movie,English,Drama,90
CLCMENDRAcce73,Movie,English,Drama,135
CLCMENDRAe9c34,Movie,English,Drama,120
CLCMENDRAf8beb,Movie,English,Drama,135
CLCMENFAM202a9,Movie,English,Family,120
CLCMENFAM2e69a,Movie,English,Family,120
CLCMENFAM9ae89,Movie,English,Family,120
CLCMENHOR035fd,Movie,English,Horror,120
CLCMENROM19e6c,Movie,English,Romance,90
CLCMENROM1d188,Movie,English,Romance,120
CLCMENROM2650c,Movie,English,Romance,120
CLCMENROM269a3,Movie,English,Romance,120
CLCMENROM5c3ac,Movie,English,Romance,135
CLCMENROM6a0a9,Movie,English,Romance,120
CLCMENROM7b5c9,Movie,English,Romance,150
CLCMENROMed900,Movie,English,Romance,90
CLCMENTHR16e95,Movie,English,Thriller,135
CLCMENTHR66f68,Movie,English,Thriller,90
CLCMENTHR7134d,Movie,English,Thriller,150
CLCMENTHR78b08,Movie,English,Thriller,180
CLCMENTHRb82c5,Movie,English,Thriller,135
CLCMENTHRdd27b,Movie,English,Thriller,135
CLCMHIACT055a3,Movie,Hindi,Action,150
CLCMHIACT228b6,Movie,Hindi,Action,120
CLCMHIACT2a947,Movie,Hindi,Action,120
CLCMHIACT2effc,Movie,Hindi,Action,90
CLCMHIACT2f289,Movie,Hindi,Action,90
CLCMHIACT2fc4b,Movie,Hindi,Action,90
CLCMHIACT36b9b,Movie,Hindi,Action,120
CLCMHIACT4bacf,Movie,Hindi,Action,120
CLCMHIACT5e4f4,Movie,Hindi,Action,120
CLCMHIACT66d84,Movie,Hindi,Action,180
CLCMHIACT7142d,Movie,Hindi,Action,120
CLCMHIACT7c2e4,Movie,Hindi,Action,120
CLCMHIACT800a6,Movie,Hindi,Action,120
CLCMHIACT87f38,Movie,Hindi,Action,90
CLCMHIACT916e7,Movie,Hindi,Action,120
CLCMHIACT956cf,Movie,Hindi,Action,135
CLCMHIACT9c34d,Movie,Hindi,Action,120
CLCMHIACTacf7f,Movie,Hindi,Action,135
CLCMHIACTb3ec3,Movie,Hindi,Action,135
CLCMHIACTb6d95,Movie,Hindi,Action,135
CLCMHIACTb9359,Movie,Hindi,Action,150
CLCMHIACTb9840,Movie,Hindi,Action,135
CLCMHIACTbd848,Movie,Hindi,Action,135
CLCMHIACTc1370,Movie,Hindi,Action,120
CLCMHIACTc2142,Movie,Hindi,Action,120
CLCMHIACTc64ed,Movie,Hindi,Action,180
CLCMHIACTcff2d,Movie,Hindi,Action,135
CLCMHIACTeacdc,Movie,Hindi,Action,120
CLCMHIACTeb6f9,Movie,Hindi,Action,150
CLCMHIACTee7ab,Movie,Hindi,Action,150
CLCMHIACTf3e74,Movie,Hindi,Action,135
CLCMHIACTf67bc,Movie,Hindi,Action,150
CLCMHIACTfede4,Movie,Hindi,Action,120
CLCMHICOM0861a,Movie,Hindi,Comedy,135
CLCMHICOM0908f,Movie,Hindi,Comedy,135
CLCMHICOM0d2a2,Movie,Hindi,Comedy,120
CLCMHICOM13634,Movie,Hindi,Comedy,135
CLCMHICOM137c0,Movie,Hindi,Comedy,120
CLCMHICOM1421a,Movie,Hindi,Comedy,150
CLCMHICOM14fcb,Movie,Hindi,Comedy,120
CLCMHICOM1f587,Movie,Hindi,Comedy,135
CLCMHICOM22b46,Movie,Hindi,Comedy,150
CLCMHICOM233ef,Movie,Hindi,Comedy,150
CLCMHICOM27e52,Movie,Hindi,Comedy,150
CLCMHICOM28f5c,Movie,Hindi,Comedy,135
CLCMHICOM2c061,Movie,Hindi,Comedy,120
CLCMHICOM2d93f,Movie,Hindi,Comedy,120
CLCMHICOM2dfbb,Movie,Hindi,Comedy,120
CLCMHICOM3ef98,Movie,Hindi,Comedy,90
CLCMHICOM43b22,Movie,Hindi,Comedy,120
CLCMHICOM49fd7,Movie,Hindi,Comedy,135
CLCMHICOM4ac9a,Movie,Hindi,Comedy,180
CLCMHICOM4ea6a,Movie,Hindi,Comedy,150
CLCMHICOM53a96,Movie,Hindi,Comedy,150
CLCMHICOM59836,Movie,Hindi,Comedy,120
CLCMHICOM63538,Movie,Hindi,Comedy,135
CLCMHICOM646a9,Movie,Hindi,Comedy,120
CLCMHICOM6e14e,Movie,Hindi,Comedy,90
CLCMHICOM6f599,Movie,Hindi,Comedy,90
CLCMHICOM748a4,Movie,Hindi,Comedy,120
CLCMHICOM7f04c,Movie,Hindi,Comedy,150
CLCMHICOM813e6,Movie,Hindi,Comedy,135
CLCMHICOM84b15,Movie,Hindi,Comedy,120
CLCMHICOM89265,Movie,Hindi,Comedy,90
CLCMHICOM89c46,Movie,Hindi,Comedy,135
CLCMHICOM90ed4,Movie,Hindi,Comedy,135
CLCMHICOM9c081,Movie,Hindi,Comedy,120
CLCMHICOMa0507,Movie,Hindi,Comedy,120
CLCMHICOMa0e94,Movie,Hindi,Comedy,120
CLCMHICOMa4440,Movie,Hindi,Comedy,150
CLCMHICOMa6671,Movie,Hindi,Comedy,90
CLCMHICOMaf916,Movie,Hindi,Comedy,150
CLCMHICOMb23c3,Movie,Hindi,Comedy,135
CLCMHICOMb3ef4,Movie,Hindi,Comedy,120
CLCMHICOMb57b5,Movie,Hindi,Comedy,90
CLCMHICOMb690a,Movie,Hindi,Comedy,135
CLCMHICOMb7fe5,Movie,Hindi,Comedy,120
CLCMHICOMb8741,Movie,Hindi,Comedy,135
CLCMHICOMc527c,Movie,Hindi,Comedy,120
CLCMHICOMc606a,Movie,Hindi,Comedy,120
CLCMHICOMc8ede,Movie,Hindi,Comedy,90
CLCMHICOMc8f73,Movie,Hindi,Comedy,150
CLCMHICOMc9b84,Movie,Hindi,Comedy,120
CLCMHICOMda85a,Movie,Hindi,Comedy,90
CLCMHICOMdd2cd,Movie,Hindi,Comedy,120
CLCMHICOMe8390,Movie,Hindi,Comedy,90
CLCMHICOMec2ea,Movie,Hindi,Comedy,120
CLCMHICOMf6a4c,Movie,Hindi,Comedy,120
CLCMHICOMfde0d,Movie,Hindi,Comedy,120
CLCMHICRI00d6a,Movie,Hindi,Crime,135
CLCMHICRI2a546,Movie,Hindi,Crime,135
CLCMHICRI311d7,Movie,Hindi,Crime,120
CLCMHICRI35de8,Movie,Hindi,Crime,135
CLCMHICRI87a94,Movie,Hindi,Crime,135
CLCMHICRIad8ea,Movie,Hindi,Crime,90
CLCMHICRIc022e,Movie,Hindi,Crime,120
CLCMHICRIce599,Movie,Hindi,Crime,120
CLCMHICRId2922,Movie,Hindi,Crime,120
CLCMHICRId376a,Movie,Hindi,Crime,150
CLCMHICRId8f0e,Movie,Hindi,Crime,150
CLCMHICRIdf73b,Movie,Hindi,Crime,90
CLCMHICRIeba55,Movie,Hindi,Crime,90
CLCMHICRIfa484,Movie,Hindi,Crime,180
CLCMHIDRA010a0,Movie,Hindi,Drama,150
CLCMHIDRA036d1,Movie,Hindi,Drama,120
CLCMHIDRA03c57,Movie,Hindi,Drama,135
CLCMHIDRA04aaf,Movie,Hindi,Drama,150
CLCMHIDRA0c928,Movie,Hindi,Drama,150
CLCMHIDRA0dbf9,Movie,Hindi,Drama,150
CLCMHIDRA0df2f,Movie,Hindi,Drama,120
CLCMHIDRA157c9,Movie,Hindi,Drama,150
CLCMHIDRA17d77,Movie,Hindi,Drama,120
CLCMHIDRA18399,Movie,Hindi,Drama,120
CLCMHIDRA1f1d7,Movie,Hindi,Drama,135
CLCMHIDRA25497,Movie,Hindi,Drama,120
CLCMHIDRA264df,Movie,Hindi,Drama,90
CLCMHIDRA26754,Movie,Hindi,Drama,135
CLCMHIDRA268cc,Movie,Hindi,Drama,150
CLCMHIDRA29fc2,Movie,Hindi,Drama,90
CLCMHIDRA2c15c,Movie,Hindi,Drama,150
CLCMHIDRA2d3d7,Movie,Hindi,Drama,120
CLCMHIDRA32658,Movie,Hindi,Drama,150
CLCMHIDRA335c0,Movie,Hindi,Drama,120
CLCMHIDRA39012,Movie,Hindi,Drama,135
CLCMHIDRA3b61b,Movie,Hindi,Drama,135
CLCMHIDRA46bc0,Movie,Hindi,Drama,135
CLCMHIDRA47416,Movie,Hindi,Drama,120
CLCMHIDRA4f03d,Movie,Hindi,Drama,135
CLCMHIDRA5777b,Movie,Hindi,Drama,150
CLCMHIDRA5b6dd,Movie,Hindi,Drama,120
CLCMHIDRA5ba4a,Movie,Hindi,Drama,120
CLCMHIDRA5c832,Movie,Hindi,Drama,120
CLCMHIDRA61015,Movie,Hindi,Drama,90
CLCMHIDRA65af0,Movie,Hindi,Drama,90
CLCMHIDRA6fabc,Movie,Hindi,Drama,150
CLCMHIDRA71bad,Movie,Hindi,Drama,120
CLCMHIDRA73971,Movie,Hindi,Drama,120
CLCMHIDRA7580c,Movie,Hindi,Drama,90
CLCMHIDRA770ec,Movie,Hindi,Drama,90
CLCMHIDRA7c19e,Movie,Hindi,Drama,150
CLCMHIDRA7c400,Movie,Hindi,Drama,135
CLCMHIDRA7cbf9,Movie,Hindi,Drama,90
CLCMHIDRA844ef,Movie,Hindi,Drama,150
CLCMHIDRA8b4de,Movie,Hindi,Drama,180
CLCMHIDRA8ce95,Movie,Hindi,Drama,90
CLCMHIDRA9c2aa,Movie,Hindi,Drama,135
CLCMHIDRA9da3e,Movie,Hindi,Drama,120
CLCMHIDRAa1330,Movie,Hindi,Drama,120
CLCMHIDRAa1707,Movie,Hindi,Drama,135
CLCMHIDRAa38ac,Movie,Hindi,Drama,90
CLCMHIDRAa4291,Movie,Hindi,Drama,120
CLCMHIDRAa4f0b,Movie,Hindi,Drama,90
CLCMHIDRAa96b0,Movie,Hindi,Drama,120
CLCMHIDRAa999f,Movie,Hindi,Drama,90
CLCMHIDRAabaef,Movie,Hindi,Drama,150
CLCMHIDRAaca7c,Movie,Hindi,Drama,135
CLCMHIDRAae54e,Movie,Hindi,Drama,135
CLCMHIDRAaf550,Movie,Hindi,Drama,120
CLCMHIDRAaf56a,Movie,Hindi,Drama,150
CLCMHIDRAb08ad,Movie,Hindi,Drama,135
CLCMHIDRAb6d00,Movie,Hindi,Drama,150
CLCMHIDRAb7709,Movie,Hindi,Drama,120
CLCMHIDRAb9bda,Movie,Hindi,Drama,120
CLCMHIDRAbb7cd,Movie,Hindi,Drama,120
CLCMHIDRAbdcb7,Movie,Hindi,Drama,120
CLCMHIDRAc2089,Movie,Hindi,Drama,90
CLCMHIDRAc3193,Movie,Hindi,Drama,150
CLCMHIDRAce76a,Movie,Hindi,Drama,120
CLCMHIDRAcebc6,Movie,Hindi,Drama,120
CLCMHIDRAcec1f,Movie,Hindi,Drama,150
CLCMHIDRAcecc4,Movie,Hindi,Drama,120
CLCMHIDRAdb659,Movie,Hindi,Drama,120
CLCMHIDRAdce04,Movie,Hindi,Drama,150
CLCMHIDRAdd312,Movie,Hindi,Drama,120
CLCMHIDRAddac4,Movie,Hindi,Drama,120
CLCMHIDRAddf4b,Movie,Hindi,Drama,135
CLCMHIDRAde845,Movie,Hindi,Drama,135
CLCMHIDRAe1e19,Movie,Hindi,Drama,120
CLCMHIDRAe795e,Movie,Hindi,Drama,90
CLCMHIDRAe8690,Movie,Hindi,Drama,135
CLCMHIDRAf1c33,Movie,Hindi,Drama,90
CLCMHIDRAf7649,Movie,Hindi,Drama,90
CLCMHIDRAfdcd7,Movie,Hindi,Drama,120
CLCMHIFAM241c2,Movie,Hindi,Family,135
CLCMHIFAM323a1,Movie,Hindi,Family,150
CLCMHIFAM35a73,Movie,Hindi,Family,120
CLCMHIFAM36b91,Movie,Hindi,Family,120
CLCMHIFAM3c194,Movie,Hindi,Family,120
CLCMHIFAM40d26,Movie,Hindi,Family,120
CLCMHIFAM47b57,Movie,Hindi,Family,120
CLCMHIFAM72a91,Movie,Hindi,Family,120
CLCMHIFAM84f04,Movie,Hindi,Family,120
CLCMHIFAM8a1cc,Movie,Hindi,Family,180
CLCMHIFAM8cb90,Movie,Hindi,Family,150
CLCMHIFAM95ba6,Movie,Hindi,Family,135
CLCMHIFAM9868e,Movie,Hindi,Family,120
CLCMHIFAMb23f3,Movie,Hindi,Family,135
CLCMHIFAMdde1a,Movie,Hindi,Family,90
CLCMHIFAMe051e,Movie,Hindi,Family,120
CLCMHIFAMe1d3c,Movie,Hindi,Family,90
CLCMHIFAMef1ba,Movie,Hindi,Family,135
CLCMHIFAMf4e93,Movie,Hindi,Family,120
CLCMHIHOR44377,Movie,Hindi,Horror,120
CLCMHIHOR4cb08,Movie,Hindi,Horror,150
CLCMHIHOR5acc9,Movie,Hindi,Horror,150
CLCMHIHOR6240b,Movie,Hindi,Horror,135
CLCMHIHOR9621f,Movie,Hindi,Horror,150
CLCMHIHOR97d09,Movie,Hindi,Horror,180
CLCMHIHORa9f94,Movie,Hindi,Horror,120
CLCMHIHORddb9b,Movie,Hindi,Horror,120
CLCMHIROM04aca,Movie,Hindi,Romance,135
CLCMHIROM0dd9b,Movie,Hindi,Romance,150
CLCMHIROM1a57d,Movie,Hindi,Romance,120
CLCMHIROM1a72c,Movie,Hindi,Romance,150
CLCMHIROM234d5,Movie,Hindi,Romance,135
CLCMHIROM24298,Movie,Hindi,Romance,135
CLCMHIROM27e69,Movie,Hindi,Romance,150
CLCMHIROM29fb2,Movie,Hindi,Romance,120
CLCMHIROM349dc,Movie,Hindi,Romance,135
CLCMHIROM4b3ac,Movie,Hindi,Romance,90
CLCMHIROM508d8,Movie,Hindi,Romance,120
CLCMHIROM56b58,Movie,Hindi,Romance,135
CLCMHIROM64dc3,Movie,Hindi,Romance,150
CLCMHIROM6561d,Movie,Hindi,Romance,120
CLCMHIROM660c2,Movie,Hindi,Romance,120
CLCMHIROM696fe,Movie,Hindi,Romance,135
CLCMHIROM76477,Movie,Hindi,Romance,120
CLCMHIROM7982e,Movie,Hindi,Romance,150
CLCMHIROM81092,Movie,Hindi,Romance,120
CLCMHIROM8d1b3,Movie,Hindi,Romance,90
CLCMHIROM8eebe,Movie,Hindi,Romance,135
CLCMHIROM8f0af,Movie,Hindi,Romance,90
CLCMHIROM989d8,Movie,Hindi,Romance,120
CLCMHIROMa0e35,Movie,Hindi,Romance,180
CLCMHIROMb3a52,Movie,Hindi,Romance,135
CLCMHIROMbd592,Movie,Hindi,Romance,135
CLCMHIROMc3dbc,Movie,Hindi,Romance,120
CLCMHIROMc4203,Movie,Hindi,Romance,180
CLCMHIROMcb020,Movie,Hindi,Romance,150
CLCMHIROMcbbe1,Movie,Hindi,Romance,150
CLCMHIROMd2131,Movie,Hindi,Romance,150
CLCMHIROMd5329,Movie,Hindi,Romance,135
CLCMHIROMd6758,Movie,Hindi,Romance,135
CLCMHIROMd83bd,Movie,Hindi,Romance,120
CLCMHIROMdcce9,Movie,Hindi,Romance,120
CLCMHIROMe05b1,Movie,Hindi,Romance,90
CLCMHIROMe53c1,Movie,Hindi,Romance,120
CLCMHIROMe68fa,Movie,Hindi,Romance,120
CLCMHIROMef465,Movie,Hindi,Romance,135
CLCMHIROMf3d34,Movie,Hindi,Romance,120
CLCMHIROMf4972,Movie,Hindi,Romance,120
CLCMHIROMfb728,Movie,Hindi,Romance,120
CLCMHITHR005ca,Movie,Hindi,Thriller,135
CLCMHITHR031a2,Movie,Hindi,Thriller,135
CLCMHITHR05b8d,Movie,Hindi,Thriller,90
CLCMHITHR0d173,Movie,Hindi,Thriller,90
CLCMHITHR1853a,Movie,Hindi,Thriller,90
CLCMHITHR1bdbb,Movie,Hindi,Thriller,120
CLCMHITHR2b779,Movie,Hindi,Thriller,120
CLCMHITHR30350,Movie,Hindi,Thriller,135
CLCMHITHR312d9,Movie,Hindi,Thriller,120
CLCMHITHR3b9a3,Movie,Hindi,Thriller,120
CLCMHITHR4be5e,Movie,Hindi,Thriller,120
CLCMHITHR64126,Movie,Hindi,Thriller,135
CLCMHITHR89df2,Movie,Hindi,Thriller,135
CLCMHITHR917f3,Movie,Hindi,Thriller,120
CLCMHITHR9a4ee,Movie,Hindi,Thriller,120
CLCMHITHR9f3a4,Movie,Hindi,Thriller,120
CLCMHITHRb1712,Movie,Hindi,Thriller,120
CLCMHITHRb2ce9,Movie,Hindi,Thriller,120
CLCMHITHRb6e81,Movie,Hindi,Thriller,135
CLCMHITHRb979a,Movie,Hindi,Thriller,120
CLCMHITHRbe880,Movie,Hindi,Thriller,135
CLCMHITHRd266a,Movie,Hindi,Thriller,180
CLCMHITHRd6481,Movie,Hindi,Thriller,180
CLCMHITHRdb12a,Movie,Hindi,Thriller,120
CLCMHITHRde1ce,Movie,Hindi,Thriller,120
CLCMHITHRdf9fa,Movie,Hindi,Thriller,120
CLCMHITHRe985a,Movie,Hindi,Thriller,135
CLCMHITHRee991,Movie,Hindi,Thriller,90
CLCMKAACT2596c,Movie,Kannada,Action,90
CLCMKAACT4d665,Movie,Kannada,Action,150
CLCMKAACT4e319,Movie,Kannada,Action,135
CLCMKAACT53332,Movie,Kannada,Action,120
CLCMKAACT6b2fc,Movie,Kannada,Action,120
CLCMKAACT89576,Movie,Kannada,Action,120
CLCMKAACTafb5a,Movie,Kannada,Action,120
CLCMKAACTcb779,Movie,Kannada,Action,135
CLCMKAACTcc36c,Movie,Kannada,Action,150
CLCMKAACTce936,Movie,Kannada,Action,120
CLCMKAACTde9a1,Movie,Kannada,Action,120
CLCMKAACTfc541,Movie,Kannada,Action,150
CLCMKACOM0d746,Movie,Kannada,Comedy,90
CLCMKACOM2591d,Movie,Kannada,Comedy,120
CLCMKACOM3a7d6,Movie,Kannada,Comedy,120
CLCMKACOM4a5e0,Movie,Kannada,Comedy,135
CLCMKACOM4d608,Movie,Kannada,Comedy,120
CLCMKACOM5122a,Movie,Kannada,Comedy,135
CLCMKACOM557e6,Movie,Kannada,Comedy,135
CLCMKACOM6f3d8,Movie,Kannada,Comedy,90
CLCMKACOMa3533,Movie,Kannada,Comedy,90
CLCMKACOMaf90c,Movie,Kannada,Comedy,120
CLCMKACOMb13cc,Movie,Kannada,Comedy,90
CLCMKACOMc13bf,Movie,Kannada,Comedy,120
CLCMKACOMc13f8,Movie,Kannada,Comedy,120
CLCMKACOMcc983,Movie,Kannada,Comedy,150
CLCMKACOMcf902,Movie,Kannada,Comedy,135
CLCMKACOMfbc97,Movie,Kannada,Comedy,120
CLCMKACRI52b0f,Movie,Kannada,Crime,90
CLCMKACRId872e,Movie,Kannada,Crime,135
CLCMKACRId88a6,Movie,Kannada,Crime,120
CLCMKADRA16f98,Movie,Kannada,Drama,120
CLCMKADRA1db86,Movie,Kannada,Drama,135
CLCMKADRA20bd5,Movie,Kannada,Drama,90
CLCMKADRA26e79,Movie,Kannada,Drama,120
CLCMKADRA3977e,Movie,Kannada,Drama,90
CLCMKADRA3a371,Movie,Kannada,Drama,120
CLCMKADRA3e2fc,Movie,Kannada,Drama,120
CLCMKADRA41152,Movie,Kannada,Drama,120
CLCMKADRA42be6,Movie,Kannada,Drama,135
CLCMKADRA4a3f4,Movie,Kannada,Drama,135
CLCMKADRA5236d,Movie,Kannada,Drama,150
CLCMKADRA636bf,Movie,Kannada,Drama,120
CLCMKADRA6b2d2,Movie,Kannada,Drama,135
CLCMKADRA6bea9,Movie,Kannada,Drama,90
CLCMKADRA6d52f,Movie,Kannada,Drama,135
CLCMKADRA79060,Movie,Kannada,Drama,135
CLCMKADRA8097a,Movie,Kannada,Drama,120
CLCMKADRA8732c,Movie,Kannada,Drama,90
CLCMKADRA8b016,Movie,Kannada,Drama,150
CLCMKADRA96e55,Movie,Kannada,Drama,120
CLCMKADRAaa314,Movie,Kannada,Drama,120
CLCMKADRAaebfa,Movie,Kannada,Drama,135
CLCMKADRAafbd9,Movie,Kannada,Drama,120
CLCMKADRAd078b,Movie,Kannada,Drama,120
CLCMKADRAd6052,Movie,Kannada,Drama,150
CLCMKADRAe84c3,Movie,Kannada,Drama,180
CLCMKADRAeac7b,Movie,Kannada,Drama,135
CLCMKAFAM0ede8,Movie,Kannada,Family,120
CLCMKAFAM80929,Movie,Kannada,Family,150
CLCMKAFAMce23a,Movie,Kannada,Family,150
CLCMKAFAMf6d90,Movie,Kannada,Family,135
CLCMKAHOR39be2,Movie,Kannada,Horror,90
CLCMKAHOR70271,Movie,Kannada,Horror,120
CLCMKAHORad4b1,Movie,Kannada,Horror,90
CLCMKAHORd52b7,Movie,Kannada,Horror,150
CLCMKAROM30483,Movie,Kannada,Romance,150
CLCMKAROM442ad,Movie,Kannada,Romance,90
CLCMKAROM4cfa2,Movie,Kannada,Romance,150
CLCMKAROM6ec9f,Movie,Kannada,Romance,135
CLCMKAROM7178b,Movie,Kannada,Romance,120
CLCMKAROM8480e,Movie,Kannada,Romance,135
CLCMKAROMb5732,Movie,Kannada,Romance,180
CLCMKAROMbfaf3,Movie,Kannada,Romance,120
CLCMKAROMc274f,Movie,Kannada,Romance,150
CLCMKATHR194c6,Movie,Kannada,Thriller,135
CLCMKATHR1bba6,Movie,Kannada,Thriller,120
CLCMKATHR50b72,Movie,Kannada,Thriller,135
CLCMKATHR826ec,Movie,Kannada,Thriller,120
CLCMKATHRb863e,Movie,Kannada,Thriller,135
CLCMKATHRf59c2,Movie,Kannada,Thriller,120
CLCMMLACT21959,Movie,Malayalam,Action,90
CLCMMLACT6a38a,Movie,Malayalam,Action,90
CLCMMLACT6aa63,Movie,Malayalam,Action,135
CLCMMLACT71b55,Movie,Malayalam,Action,135
CLCMMLACTa5d84,Movie,Malayalam,Action,135
CLCMMLACTdcb0f,Movie,Malayalam,Action,90
CLCMMLACTfb320,Movie,Malayalam,Action,120
CLCMMLCOM04875,Movie,Malayalam,Comedy,150
CLCMMLCOM0f4f7,Movie,Malayalam,Comedy,135
CLCMMLCOM37a49,Movie,Malayalam,Comedy,120
CLCMMLCOM3f5da,Movie,Malayalam,Comedy,135
CLCMMLCOM4fd90,Movie,Malayalam,Comedy,120
CLCMMLCOM57ba4,Movie,Malayalam,Comedy,135
CLCMMLCOM5dc30,Movie,Malayalam,Comedy,120
CLCMMLCOM6a09e,Movie,Malayalam,Comedy,120
CLCMMLCOM758e5,Movie,Malayalam,Comedy,120
CLCMMLCOM9b409,Movie,Malayalam,Comedy,150
CLCMMLCOMa355d,Movie,Malayalam,Comedy,120
CLCMMLCOMc89a7,Movie,Malayalam,Comedy,150
CLCMMLCOMdb06d,Movie,Malayalam,Comedy,150
CLCMMLCRI810ba,Movie,Malayalam,Crime,150
CLCMMLDRA02929,Movie,Malayalam,Drama,120
CLCMMLDRA0da0f,Movie,Malayalam,Drama,135
CLCMMLDRA20573,Movie,Malayalam,Drama,135
CLCMMLDRA27fc3,Movie,Malayalam,Drama,90
CLCMMLDRA2b8ac,Movie,Malayalam,Drama,150
CLCMMLDRA37edf,Movie,Malayalam,Drama,90
CLCMMLDRA3ca89,Movie,Malayalam,Drama,135
CLCMMLDRA4241a,Movie,Malayalam,Drama,135
CLCMMLDRA48ecc,Movie,Malayalam,Drama,120
CLCMMLDRA495ae,Movie,Malayalam,Drama,120
CLCMMLDRA53dd0,Movie,Malayalam,Drama,135
CLCMMLDRA57ba8,Movie,Malayalam,Drama,120
CLCMMLDRA78012,Movie,Malayalam,Drama,90
CLCMMLDRA7a892,Movie,Malayalam,Drama,135
CLCMMLDRA7d231,Movie,Malayalam,Drama,120
CLCMMLDRA80f7b,Movie,Malayalam,Drama,90
CLCMMLDRA872d8,Movie,Malayalam,Drama,150
CLCMMLDRA8de94,Movie,Malayalam,Drama,150
CLCMMLDRA9a7d8,Movie,Malayalam,Drama,120
CLCMMLDRA9ad17,Movie,Malayalam,Drama,135
CLCMMLDRA9bd74,Movie,Malayalam,Drama,135
CLCMMLDRAa0cae,Movie,Malayalam,Drama,135
CLCMMLDRAa3a06,Movie,Malayalam,Drama,150
CLCMMLDRAb8bb9,Movie,Malayalam,Drama,90
CLCMMLDRAc3805,Movie,Malayalam,Drama,90
CLCMMLDRAc42f1,Movie,Malayalam,Drama,90
CLCMMLDRAd2401,Movie,Malayalam,Drama,90
CLCMMLDRAd576d,Movie,Malayalam,Drama,135
CLCMMLDRAdd7b8,Movie,Malayalam,Drama,150
CLCMMLDRAe89ef,Movie,Malayalam,Drama,120
CLCMMLDRAf2cec,Movie,Malayalam,Drama,150
CLCMMLDRAf2e46,Movie,Malayalam,Drama,135
CLCMMLDRAfb4a9,Movie,Malayalam,Drama,120
CLCMMLDRAfefed,Movie,Malayalam,Drama,120
CLCMMLFAM03fc9,Movie,Malayalam,Family,180
CLCMMLFAM3b66c,Movie,Malayalam,Family,180
CLCMMLFAM7bf40,Movie,Malayalam,Family,135
CLCMMLFAM9344c,Movie,Malayalam,Family,120
CLCMMLFAMa8ec5,Movie,Malayalam,Family,120
CLCMMLHOR6d43b,Movie,Malayalam,Horror,120
CLCMMLHORde98d,Movie,Malayalam,Horror,90
CLCMMLHORfc90c,Movie,Malayalam,Horror,120
CLCMMLROM7048d,Movie,Malayalam,Romance,90
CLCMMLROM7225c,Movie,Malayalam,Romance,150
CLCMMLROM7677d,Movie,Malayalam,Romance,120
CLCMMLROM8417a,Movie,Malayalam,Romance,150
CLCMMLROMc3407,Movie,Malayalam,Romance,150
CLCMMLROMcbbcc,Movie,Malayalam,Romance,135
CLCMMLROMd20c7,Movie,Malayalam,Romance,135
CLCMMLROMeb93b,Movie,Malayalam,Romance,120
CLCMMLROMefc8f,Movie,Malayalam,Romance,135
CLCMMLTHR01d18,Movie,Malayalam,Thriller,150
CLCMMLTHR032cb,Movie,Malayalam,Thriller,120
CLCMMLTHR106b8,Movie,Malayalam,Thriller,120
CLCMMLTHR2424a,Movie,Malayalam,Thriller,120
CLCMMLTHR26777,Movie,Malayalam,Thriller,135
CLCMMLTHR3685c,Movie,Malayalam,Thriller,120
CLCMMLTHR5dc94,Movie,Malayalam,Thriller,135
CLCMMLTHR5df3e,Movie,Malayalam,Thriller,90
CLCMMLTHR62284,Movie,Malayalam,Thriller,150
CLCMMLTHR6ce82,Movie,Malayalam,Thriller,90
CLCMMLTHR71e24,Movie,Malayalam,Thriller,135
CLCMMLTHR8080b,Movie,Malayalam,Thriller,135
CLCMMLTHR99829,Movie,Malayalam,Thriller,150
CLCMMLTHR9c752,Movie,Malayalam,Thriller,180
CLCMMLTHRce5e5,Movie,Malayalam,Thriller,120
CLCMMLTHRd3702,Movie,Malayalam,Thriller,120
CLCMMLTHRd8cfb,Movie,Malayalam,Thriller,120
CLCMMLTHRee0a4,Movie,Malayalam,Thriller,150
CLCMMRACTcb3ef,Movie,Marathi,Action,150
CLCMMRCOM18d82,Movie,Marathi,Comedy,135
CLCMMRCOM19a81,Movie,Marathi,Comedy,120
CLCMMRCOM22090,Movie,Marathi,Comedy,120
CLCMMRCOM40193,Movie,Marathi,Comedy,120
CLCMMRCOM62d99,Movie,Marathi,Comedy,150
CLCMMRCOM7ae55,Movie,Marathi,Comedy,135
CLCMMRCOM8fbe8,Movie,Marathi,Comedy,120
CLCMMRCOMbae5b,Movie,Marathi,Comedy,120
CLCMMRCOMbd624,Movie,Marathi,Comedy,150
CLCMMRCOMece01,Movie,Marathi,Comedy,90
CLCMMRDRA03bbc,Movie,Marathi,Drama,90
CLCMMRDRA07695,Movie,Marathi,Drama,180
CLCMMRDRA154d7,Movie,Marathi,Drama,135
CLCMMRDRA20c3d,Movie,Marathi,Drama,120
CLCMMRDRA24486,Movie,Marathi,Drama,135
CLCMMRDRA3102f,Movie,Marathi,Drama,120
CLCMMRDRA34f5d,Movie,Marathi,Drama,120
CLCMMRDRA3be77,Movie,Marathi,Drama,120
CLCMMRDRA444fd,Movie,Marathi,Drama,90
CLCMMRDRA47fb2,Movie,Marathi,Drama,135
CLCMMRDRA4f2a4,Movie,Marathi,Drama,135
CLCMMRDRA56ad6,Movie,Marathi,Drama,120
CLCMMRDRA5fcf1,Movie,Marathi,Drama,120
CLCMMRDRA6588b,Movie,Marathi,Drama,135
CLCMMRDRA694b6,Movie,Marathi,Drama,120
CLCMMRDRA70353,Movie,Marathi,Drama,135
CLCMMRDRA91c6d,Movie,Marathi,Drama,120
CLCMMRDRA948c0,Movie,Marathi,Drama,90
CLCMMRDRAc9bd8,Movie,Marathi,Drama,135
CLCMMRDRAcd1eb,Movie,Marathi,Drama,135
CLCMMRDRAcfcab,Movie,Marathi,Drama,120
CLCMMRDRAe6aee,Movie,Marathi,Drama,120
CLCMMRDRAeba40,Movie,Marathi,Drama,135
CLCMMRDRAf5ba4,Movie,Marathi,Drama,120
CLCMMRFAM19805,Movie,Marathi,Family,150
CLCMMRFAM4ba5d,Movie,Marathi,Family,150
CLCMMRFAM5bfbc,Movie,Marathi,Family,135
CLCMMRFAM888f9,Movie,Marathi,Family,90
CLCMMRFAMb4ee6,Movie,Marathi,Family,180
CLCMMRFAMe4c00,Movie,Marathi,Family,135
CLCMMRFAMf7497,Movie,Marathi,Family,120
CLCMMRROM4942d,Movie,Marathi,Romance,180
CLCMMRROM9244d,Movie,Marathi,Romance,120
CLCMMRROMda0ba,Movie,Marathi,Romance,90
CLCMMRROMecfff,Movie,Marathi,Romance,120
CLCMMRTHR866a3,Movie,Marathi,Thriller,120
CLCMMRTHR931c2,Movie,Marathi,Thriller,180
CLCMMRTHRba0fc,Movie,Marathi,Thriller,150
CLCMTAACT0b09c,Movie,Tamil,Action,120
CLCMTAACT0caae,Movie,Tamil,Action,120
CLCMTAACT0fce7,Movie,Tamil,Action,120
CLCMTAACT19b64,Movie,Tamil,Action,120
CLCMTAACT27f4a,Movie,Tamil,Action,135
CLCMTAACT2a73a,Movie,Tamil,Action,120
CLCMTAACT34165,Movie,Tamil,Action,120
CLCMTAACT34ff8,Movie,Tamil,Action,135
CLCMTAACT3ca56,Movie,Tamil,Action,120
CLCMTAACT3dc07,Movie,Tamil,Action,150
CLCMTAACT47d92,Movie,Tamil,Action,135
CLCMTAACT4b15a,Movie,Tamil,Action,135
CLCMTAACT4da19,Movie,Tamil,Action,135
CLCMTAACT53366,Movie,Tamil,Action,135
CLCMTAACT5edec,Movie,Tamil,Action,135
CLCMTAACT5fa07,Movie,Tamil,Action,135
CLCMTAACT60907,Movie,Tamil,Action,90
CLCMTAACT643a0,Movie,Tamil,Action,120
CLCMTAACT68a4e,Movie,Tamil,Action,135
CLCMTAACT6bc07,Movie,Tamil,Action,120
CLCMTAACT6da49,Movie,Tamil,Action,120
CLCMTAACT8fe13,Movie,Tamil,Action,90
CLCMTAACT9467f,Movie,Tamil,Action,150
CLCMTAACT9dac2,Movie,Tamil,Action,150
CLCMTAACTa9bdc,Movie,Tamil,Action,90
CLCMTAACTaa574,Movie,Tamil,Action,120
CLCMTAACTacbd0,Movie,Tamil,Action,135
CLCMTAACTbaef3,Movie,Tamil,Action,135
CLCMTAACTbb1b0,Movie,Tamil,Action,135
CLCMTAACTc20e3,Movie,Tamil,Action,120
CLCMTAACTcc7b6,Movie,Tamil,Action,120
CLCMTAACTcd1a5,Movie,Tamil,Action,90
CLCMTAACTcd650,Movie,Tamil,Action,120
CLCMTAACTcd931,Movie,Tamil,Action,90
CLCMTAACTcdfdf,Movie,Tamil,Action,120
CLCMTAACTd7f55,Movie,Tamil,Action,120
CLCMTAACTf0892,Movie,Tamil,Action,90
CLCMTACOM0a387,Movie,Tamil,Comedy,120
CLCMTACOM11807,Movie,Tamil,Comedy,90
CLCMTACOM120de,Movie,Tamil,Comedy,120
CLCMTACOM2319c,Movie,Tamil,Comedy,90
CLCMTACOM389f4,Movie,Tamil,Comedy,90
CLCMTACOM3e203,Movie,Tamil,Comedy,135
CLCMTACOM46e06,Movie,Tamil,Comedy,135
CLCMTACOM4b893,Movie,Tamil,Comedy,135
CLCMTACOM4e2d6,Movie,Tamil,Comedy,180
CLCMTACOM5174c,Movie,Tamil,Comedy,135
CLCMTACOM53fac,Movie,Tamil,Comedy,135
CLCMTACOM5ee5a,Movie,Tamil,Comedy,120
CLCMTACOM7ab34,Movie,Tamil,Comedy,150
CLCMTACOM7ad7b,Movie,Tamil,Comedy,180
CLCMTACOM7cfc6,Movie,Tamil,Comedy,90
CLCMTACOM80918,Movie,Tamil,Comedy,180
CLCMTACOM8199b,Movie,Tamil,Comedy,135
CLCMTACOMa0fed,Movie,Tamil,Comedy,120
CLCMTACOMa2f28,Movie,Tamil,Comedy,120
CLCMTACOMa8c6d,Movie,Tamil,Comedy,135
CLCMTACOMb4e9b,Movie,Tamil,Comedy,120
CLCMTACOMb6e0f,Movie,Tamil,Comedy,135
CLCMTACOMce397,Movie,Tamil,Comedy,120
CLCMTACOMce8ae,Movie,Tamil,Comedy,135
CLCMTACOMd76ec,Movie,Tamil,Comedy,150
CLCMTACOMda484,Movie,Tamil,Comedy,120
CLCMTACOMdb1aa,Movie,Tamil,Comedy,180
CLCMTACOMe21d8,Movie,Tamil,Comedy,90
CLCMTACOMe8bdf,Movie,Tamil,Comedy,150
CLCMTACOMe94d1,Movie,Tamil,Comedy,135
CLCMTACRI5dc7d,Movie,Tamil,Crime,135
CLCMTACRI8325a,Movie,Tamil,Crime,150
CLCMTACRIbb2f7,Movie,Tamil,Crime,180
CLCMTACRIc42a3,Movie,Tamil,Crime,120
CLCMTACRId8218,Movie,Tamil,Crime,90
CLCMTADRA0149b,Movie,Tamil,Drama,90
CLCMTADRA0446a,Movie,Tamil,Drama,135
CLCMTADRA07aa0,Movie,Tamil,Drama,120
CLCMTADRA098cf,Movie,Tamil,Drama,90
CLCMTADRA10a08,Movie,Tamil,Drama,135
CLCMTADRA1c9f1,Movie,Tamil,Drama,90
CLCMTADRA23741,Movie,Tamil,Drama,90
CLCMTADRA268ed,Movie,Tamil,Drama,120
CLCMTADRA275d2,Movie,Tamil,Drama,120
CLCMTADRA2cfeb,Movie,Tamil,Drama,90
CLCMTADRA3342f,Movie,Tamil,Drama,150
CLCMTADRA36b6b,Movie,Tamil,Drama,180
CLCMTADRA49c13,Movie,Tamil,Drama,120
CLCMTADRA4a83c,Movie,Tamil,Drama,90
CLCMTADRA50c90,Movie,Tamil,Drama,120
CLCMTADRA51889,Movie,Tamil,Drama,135
CLCMTADRA53bf9,Movie,Tamil,Drama,120
CLCMTADRA59c0f,Movie,Tamil,Drama,120
CLCMTADRA5d29e,Movie,Tamil,Drama,120
CLCMTADRA6107b,Movie,Tamil,Drama,120
CLCMTADRA61bcf,Movie,Tamil,Drama,120
CLCMTADRA65753,Movie,Tamil,Drama,150
CLCMTADRA723b9,Movie,Tamil,Drama,150
CLCMTADRA865f9,Movie,Tamil,Drama,90
CLCMTADRA8e355,Movie,Tamil,Drama,120
CLCMTADRA915e5,Movie,Tamil,Drama,135
CLCMTADRA92961,Movie,Tamil,Drama,120
CLCMTADRA96684,Movie,Tamil,Drama,120
CLCMTADRAa5a77,Movie,Tamil,Drama,90
CLCMTADRAa7ef0,Movie,Tamil,Drama,120
CLCMTADRAabcd0,Movie,Tamil,Drama,120
CLCMTADRAb40b7,Movie,Tamil,Drama,120
CLCMTADRAba6d8,Movie,Tamil,Drama,120
CLCMTADRAbce75,Movie,Tamil,Drama,150
CLCMTADRAc123f,Movie,Tamil,Drama,90
CLCMTADRAd68da,Movie,Tamil,Drama,120
CLCMTADRAd787e,Movie,Tamil,Drama,120
CLCMTADRAda9ba,Movie,Tamil,Drama,120
CLCMTADRAe36f1,Movie,Tamil,Drama,135
CLCMTADRAe65fd,Movie,Tamil,Drama,120
CLCMTADRAedead,Movie,Tamil,Drama,135
CLCMTADRAee9a2,Movie,Tamil,Drama,135
CLCMTADRAf5c59,Movie,Tamil,Drama,150
CLCMTADRAf6032,Movie,Tamil,Drama,120
CLCMTADRAfb302,Movie,Tamil,Drama,135
CLCMTADRAfe02d,Movie,Tamil,Drama,90
CLCMTAFAM10d0a,Movie,Tamil,Family,120
CLCMTAFAM1ddff,Movie,Tamil,Family,150
CLCMTAFAM22dd0,Movie,Tamil,Family,120
CLCMTAFAM2551e,Movie,Tamil,Family,90
CLCMTAFAM3967f,Movie,Tamil,Family,90
CLCMTAFAM40f65,Movie,Tamil,Family,120
CLCMTAFAM60560,Movie,Tamil,Family,135
CLCMTAFAM62f97,Movie,Tamil,Family,120
CLCMTAFAMf675a,Movie,Tamil,Family,120
CLCMTAFAMf7856,Movie,Tamil,Family,180
CLCMTAHOR09837,Movie,Tamil,Horror,120
CLCMTAHOR309b1,Movie,Tamil,Horror,135
CLCMTAHOR4d32d,Movie,Tamil,Horror,135
CLCMTAHOR581d5,Movie,Tamil,Horror,135
CLCMTAHOR87c1c,Movie,Tamil,Horror,120
CLCMTAHOR9cdf3,Movie,Tamil,Horror,120
CLCMTAROM24473,Movie,Tamil,Romance,120
CLCMTAROM28426,Movie,Tamil,Romance,120
CLCMTAROM2ebd7,Movie,Tamil,Romance,120
CLCMTAROM31d45,Movie,Tamil,Romance,150
CLCMTAROM3e401,Movie,Tamil,Romance,120
CLCMTAROM4baa5,Movie,Tamil,Romance,135
CLCMTAROM50564,Movie,Tamil,Romance,120
CLCMTAROM759fc,Movie,Tamil,Romance,120
CLCMTAROM76f29,Movie,Tamil,Romance,120
CLCMTAROM825ee,Movie,Tamil,Romance,150
CLCMTAROM9b91f,Movie,Tamil,Romance,135
CLCMTAROM9e002,Movie,Tamil,Romance,120
CLCMTAROMa4a9e,Movie,Tamil,Romance,135
CLCMTAROMb0e0a,Movie,Tamil,Romance,135
CLCMTAROMb38ba,Movie,Tamil,Romance,120
CLCMTAROMb3b50,Movie,Tamil,Romance,180
CLCMTAROMbd2eb,Movie,Tamil,Romance,120
CLCMTAROMe157d,Movie,Tamil,Romance,135
CLCMTAROMee508,Movie,Tamil,Romance,150
CLCMTAROMf0adc,Movie,Tamil,Romance,180
CLCMTATHR04a8e,Movie,Tamil,Thriller,120
CLCMTATHR16025,Movie,Tamil,Thriller,150
CLCMTATHR16723,Movie,Tamil,Thriller,120
CLCMTATHR2d0de,Movie,Tamil,Thriller,120
CLCMTATHR31c8b,Movie,Tamil,Thriller,120
CLCMTATHR50824,Movie,Tamil,Thriller,120
CLCMTATHR60328,Movie,Tamil,Thriller,120
CLCMTATHR70d30,Movie,Tamil,Thriller,120
CLCMTATHR8b69b,Movie,Tamil,Thriller,90
CLCMTATHR9520a,Movie,Tamil,Thriller,120
CLCMTATHR989a9,Movie,Tamil,Thriller,120
CLCMTATHRa965e,Movie,Tamil,Thriller,120
CLCMTATHRa9b2b,Movie,Tamil,Thriller,135
CLCMTATHRb85ad,Movie,Tamil,Thriller,120
CLCMTATHRc353c,Movie,Tamil,Thriller,180
CLCMTATHRe7df2,Movie,Tamil,Thriller,135
CLCMTATHRecd51,Movie,Tamil,Thriller,120
CLCMTEACT05921,Movie,Telugu,Action,150
CLCMTEACT10889,Movie,Telugu,Action,120
CLCMTEACT1c0a9,Movie,Telugu,Action,120
CLCMTEACT26daf,Movie,Telugu,Action,120
CLCMTEACT27ed8,Movie,Telugu,Action,150
CLCMTEACT2e8e4,Movie,Telugu,Action,150
CLCMTEACT343d6,Movie,Telugu,Action,180
CLCMTEACT3c950,Movie,Telugu,Action,120
CLCMTEACT3d8c3,Movie,Telugu,Action,135
CLCMTEACT40996,Movie,Telugu,Action,90
CLCMTEACT4571b,Movie,Telugu,Action,120
CLCMTEACT49675,Movie,Telugu,Action,180
CLCMTEACT4db86,Movie,Telugu,Action,90
CLCMTEACT686b8,Movie,Telugu,Action,90
CLCMTEACT6da37,Movie,Telugu,Action,180
CLCMTEACT75af3,Movie,Telugu,Action,135
CLCMTEACT7d5de,Movie,Telugu,Action,135
CLCMTEACT8188d,Movie,Telugu,Action,90
CLCMTEACT8ab89,Movie,Telugu,Action,180
CLCMTEACT901dd,Movie,Telugu,Action,135
CLCMTEACT91ca8,Movie,Telugu,Action,90
CLCMTEACT9633a,Movie,Telugu,Action,120
CLCMTEACT9b620,Movie,Telugu,Action,150
CLCMTEACT9c0b8,Movie,Telugu,Action,120
CLCMTEACTa1cf0,Movie,Telugu,Action,150
CLCMTEACTb3570,Movie,Telugu,Action,90
CLCMTEACTb6975,Movie,Telugu,Action,135
CLCMTEACTba568,Movie,Telugu,Action,120
CLCMTEACTbc9f9,Movie,Telugu,Action,90
CLCMTEACTbf61e,Movie,Telugu,Action,120
CLCMTEACTc3169,Movie,Telugu,Action,120
CLCMTEACTcbbcc,Movie,Telugu,Action,120
CLCMTEACTd5e17,Movie,Telugu,Action,150
CLCMTEACTe41d4,Movie,Telugu,Action,120
CLCMTEACTe9fe2,Movie,Telugu,Action,180
CLCMTEACTee1a2,Movie,Telugu,Action,120
CLCMTEACTf953b,Movie,Telugu,Action,135
CLCMTECOM02ea5,Movie,Telugu,Comedy,135
CLCMTECOM036bc,Movie,Telugu,Comedy,90
CLCMTECOM078a7,Movie,Telugu,Comedy,120
CLCMTECOM079d1,Movie,Telugu,Comedy,150
CLCMTECOM129dc,Movie,Telugu,Comedy,150
CLCMTECOM176c6,Movie,Telugu,Comedy,135
CLCMTECOM1ef0f,Movie,Telugu,Comedy,120
CLCMTECOM207f0,Movie,Telugu,Comedy,90
CLCMTECOM2c9d9,Movie,Telugu,Comedy,135
CLCMTECOM35e61,Movie,Telugu,Comedy,90
CLCMTECOM37e39,Movie,Telugu,Comedy,150
CLCMTECOM441bc,Movie,Telugu,Comedy,90
CLCMTECOM4d7b2,Movie,Telugu,Comedy,120
CLCMTECOM52b50,Movie,Telugu,Comedy,90
CLCMTECOM58558,Movie,Telugu,Comedy,150
CLCMTECOM5c661,Movie,Telugu,Comedy,120
CLCMTECOM5ddea,Movie,Telugu,Comedy,120
CLCMTECOM66daf,Movie,Telugu,Comedy,135
CLCMTECOM6a516,Movie,Telugu,Comedy,135
CLCMTECOM775cc,Movie,Telugu,Comedy,120
CLCMTECOM8484a,Movie,Telugu,Comedy,120
CLCMTECOM8abd5,Movie,Telugu,Comedy,135
CLCMTECOM8b312,Movie,Telugu,Comedy,120
CLCMTECOM8c7f7,Movie,Telugu,Comedy,135
CLCMTECOM90d43,Movie,Telugu,Comedy,120
CLCMTECOMa221c,Movie,Telugu,Comedy,135
CLCMTECOMd7d52,Movie,Telugu,Comedy,120
CLCMTECOMf5a23,Movie,Telugu,Comedy,120
CLCMTECOMfa80e,Movie,Telugu,Comedy,120
CLCMTECOMfdb1c,Movie,Telugu,Comedy,120
CLCMTECRI5e006,Movie,Telugu,Crime,120
CLCMTECRI7de21,Movie,Telugu,Crime,150
CLCMTECRI96702,Movie,Telugu,Crime,135
CLCMTECRIa1999,Movie,Telugu,Crime,180
CLCMTECRIa7933,Movie,Telugu,Crime,120
CLCMTECRIacd14,Movie,Telugu,Crime,150
CLCMTECRIb3421,Movie,Telugu,Crime,120
CLCMTEDRA0a063,Movie,Telugu,Drama,120
CLCMTEDRA0ac7a,Movie,Telugu,Drama,120
CLCMTEDRA0cb8c,Movie,Telugu,Drama,135
CLCMTEDRA0cd78,Movie,Telugu,Drama,120
CLCMTEDRA0f0c4,Movie,Telugu,Drama,150
CLCMTEDRA1ad64,Movie,Telugu,Drama,150
CLCMTEDRA1bce8,Movie,Telugu,Drama,90
CLCMTEDRA1bec0,Movie,Telugu,Drama,135
CLCMTEDRA2bf7c,Movie,Telugu,Drama,135
CLCMTEDRA34ac9,Movie,Telugu,Drama,120
CLCMTEDRA3774a,Movie,Telugu,Drama,90
CLCMTEDRA42ce3,Movie,Telugu,Drama,135
CLCMTEDRA44018,Movie,Telugu,Drama,120
CLCMTEDRA4889d,Movie,Telugu,Drama,135
CLCMTEDRA4b7fe,Movie,Telugu,Drama,135
CLCMTEDRA4fc30,Movie,Telugu,Drama,90
CLCMTEDRA5108f,Movie,Telugu,Drama,135
CLCMTEDRA52350,Movie,Telugu,Drama,135
CLCMTEDRA533c5,Movie,Telugu,Drama,135
CLCMTEDRA557e6,Movie,Telugu,Drama,135
CLCMTEDRA5afa7,Movie,Telugu,Drama,120
CLCMTEDRA5ee15,Movie,Telugu,Drama,150
CLCMTEDRA6a80b,Movie,Telugu,Drama,180
CLCMTEDRA7ffbf,Movie,Telugu,Drama,120
CLCMTEDRA80da5,Movie,Telugu,Drama,120
CLCMTEDRA95a27,Movie,Telugu,Drama,135
CLCMTEDRA9a4c6,Movie,Telugu,Drama,135
CLCMTEDRA9d945,Movie,Telugu,Drama,120
CLCMTEDRAa13df,Movie,Telugu,Drama,120
CLCMTEDRAa3add,Movie,Telugu,Drama,135
CLCMTEDRAaa2a8,Movie,Telugu,Drama,135
CLCMTEDRAadfd2,Movie,Telugu,Drama,135
CLCMTEDRAaf5b3,Movie,Telugu,Drama,120
CLCMTEDRAb3207,Movie,Telugu,Drama,135
CLCMTEDRAb6aec,Movie,Telugu,Drama,120
CLCMTEDRAbaa40,Movie,Telugu,Drama,135
CLCMTEDRAbc9c8,Movie,Telugu,Drama,120
CLCMTEDRAbe490,Movie,Telugu,Drama,135
CLCMTEDRAc5e2e,Movie,Telugu,Drama,90
CLCMTEDRAc67d7,Movie,Telugu,Drama,135
CLCMTEDRAc765d,Movie,Telugu,Drama,120
CLCMTEDRAccdb6,Movie,Telugu,Drama,90
CLCMTEDRAce60a,Movie,Telugu,Drama,150
CLCMTEDRAd0105,Movie,Telugu,Drama,120
CLCMTEDRAd06f1,Movie,Telugu,Drama,120
CLCMTEDRAd0807,Movie,Telugu,Drama,90
CLCMTEDRAd0ef4,Movie,Telugu,Drama,120
CLCMTEDRAd103c,Movie,Telugu,Drama,135
CLCMTEDRAd1870,Movie,Telugu,Drama,135
CLCMTEDRAe13ea,Movie,Telugu,Drama,150
CLCMTEDRAe7d6f,Movie,Telugu,Drama,150
CLCMTEDRAe8f58,Movie,Telugu,Drama,90
CLCMTEDRAf1c40,Movie,Telugu,Drama,90
CLCMTEDRAf5993,Movie,Telugu,Drama,120
CLCMTEDRAfc575,Movie,Telugu,Drama,150
CLCMTEFAM0d394,Movie,Telugu,Family,90
CLCMTEFAM1631b,Movie,Telugu,Family,120
CLCMTEFAM3a4c9,Movie,Telugu,Family,120
CLCMTEFAM494df,Movie,Telugu,Family,150
CLCMTEFAM8b618,Movie,Telugu,Family,120
CLCMTEFAM8d05e,Movie,Telugu,Family,150
CLCMTEFAM9976a,Movie,Telugu,Family,150
CLCMTEFAMb238f,Movie,Telugu,Family,120
CLCMTEFAMc70b7,Movie,Telugu,Family,180
CLCMTEFAMc86a1,Movie,Telugu,Family,150
CLCMTEFAMcf7cc,Movie,Telugu,Family,120
CLCMTEFAMe0cd4,Movie,Telugu,Family,135
CLCMTEFAMe7b31,Movie,Telugu,Family,90
CLCMTEHOR1e22e,Movie,Telugu,Horror,120
CLCMTEHOR500a3,Movie,Telugu,Horror,150
CLCMTEHOR7ee6e,Movie,Telugu,Horror,90
CLCMTEHORdd656,Movie,Telugu,Horror,180
CLCMTEHORe6fb8,Movie,Telugu,Horror,90
CLCMTEROM0c174,Movie,Telugu,Romance,135
CLCMTEROM0e5cd,Movie,Telugu,Romance,120
CLCMTEROM1021e,Movie,Telugu,Romance,120
CLCMTEROM10530,Movie,Telugu,Romance,150
CLCMTEROM13325,Movie,Telugu,Romance,135
CLCMTEROM189f4,Movie,Telugu,Romance,120
CLCMTEROM1ee3a,Movie,Telugu,Romance,120
CLCMTEROM214e1,Movie,Telugu,Romance,135
CLCMTEROM2c1c0,Movie,Telugu,Romance,135
CLCMTEROM31e08,Movie,Telugu,Romance,180
CLCMTEROM497b4,Movie,Telugu,Romance,90
CLCMTEROM6b67d,Movie,Telugu,Romance,120
CLCMTEROM78dad,Movie,Telugu,Romance,120
CLCMTEROM7d3f0,Movie,Telugu,Romance,120
CLCMTEROM7db52,Movie,Telugu,Romance,135
CLCMTEROM81cef,Movie,Telugu,Romance,120
CLCMTEROM85abd,Movie,Telugu,Romance,120
CLCMTEROM9acd1,Movie,Telugu,Romance,150
CLCMTEROM9b59d,Movie,Telugu,Romance,120
CLCMTEROMa0532,Movie,Telugu,Romance,135
CLCMTEROMce7ea,Movie,Telugu,Romance,180
CLCMTEROMdbf0f,Movie,Telugu,Romance,150
CLCMTEROMde550,Movie,Telugu,Romance,120
CLCMTEROMe93ce,Movie,Telugu,Romance,135
CLCMTETHR0dec9,Movie,Telugu,Thriller,120
CLCMTETHR162e9,Movie,Telugu,Thriller,90
CLCMTETHR21ae0,Movie,Telugu,Thriller,90
CLCMTETHR39f24,Movie,Telugu,Thriller,120
CLCMTETHR3a764,Movie,Telugu,Thriller,90
CLCMTETHR3f934,Movie,Telugu,Thriller,150
CLCMTETHR6fb8c,Movie,Telugu,Thriller,180
CLCMTETHR76eab,Movie,Telugu,Thriller,90
CLCMTETHR805aa,Movie,Telugu,Thriller,135
CLCMTETHRa595a,Movie,Telugu,Thriller,90
CLCMTETHRae14a,Movie,Telugu,Thriller,120
CLCMTETHRc7519,Movie,Telugu,Thriller,120
CLCMTETHRd6041,Movie,Telugu,Thriller,150
CLCMTETHRde038,Movie,Telugu,Thriller,120
CLCMTETHRe364b,Movie,Telugu,Thriller,120
CLCMTETHRe824c,Movie,Telugu,Thriller,120
CLCMTETHRf3fb8,Movie,Telugu,Thriller,120
CLCMTETHRff6b7,Movie,Telugu,Thriller,150
CLCSENCOM7ede4,Series,English,Comedy,20
CLCSENDRA0af2d,Series,English,Drama,30
CLCSENDRA2de3e,Series,English,Drama,30
CLCSENDRA5792b,Series,English,Drama,30
CLCSENDRA5a7d1,Series,English,Drama,45
CLCSENDRA72e4c,Series,English,Drama,45
CLCSENDRAc5f7e,Series,English,Drama,30
CLCSENDRAc97da,Series,English,Drama,30
CLCSENDRAde68e,Series,English,Drama,30
CLCSENDRAf12c1,Series,English,Drama,20
CLCSENFAM92fdd,Series,English,Family,30
CLCSENROM0089d,Series,English,Romance,30
CLCSENROMce246,Series,English,Romance,20
CLCSENROMeddff,Series,English,Romance,20
CLCSENTHRb8fec,Series,English,Thriller,20
CLCSENTHRc9066,Series,English,Thriller,30
CLCSHIACT28e0d,Series,Hindi,Action,20
CLCSHIACT414d2,Series,Hindi,Action,20
CLCSHIACT414e3,Series,Hindi,Action,30
CLCSHIACT4626f,Series,Hindi,Action,30
CLCSHIACT4b871,Series,Hindi,Action,30
CLCSHIACT979c5,Series,Hindi,Action,30
CLCSHIACT9be66,Series,Hindi,Action,20
CLCSHIACTa9a0c,Series,Hindi,Action,30
CLCSHIACTc5360,Series,Hindi,Action,30
CLCSHIACTc7913,Series,Hindi,Action,45
CLCSHIACTcc91a,Series,Hindi,Action,20
CLCSHIACTe7e86,Series,Hindi,Action,30
CLCSHIACTe7fd6,Series,Hindi,Action,30
CLCSHIACTf6187,Series,Hindi,Action,30
CLCSHICOM05107,Series,Hindi,Comedy,45
CLCSHICOM08b0a,Series,Hindi,Comedy,20
CLCSHICOM11967,Series,Hindi,Comedy,45
CLCSHICOM17875,Series,Hindi,Comedy,45
CLCSHICOM19570,Series,Hindi,Comedy,30
CLCSHICOM2707d,Series,Hindi,Comedy,30
CLCSHICOM44fcd,Series,Hindi,Comedy,45
CLCSHICOM47f5e,Series,Hindi,Comedy,30
CLCSHICOM4946b,Series,Hindi,Comedy,45
CLCSHICOM66c37,Series,Hindi,Comedy,30
CLCSHICOM6d8cc,Series,Hindi,Comedy,30
CLCSHICOM6ea8c,Series,Hindi,Comedy,30
CLCSHICOM8ed4a,Series,Hindi,Comedy,20
CLCSHICOMad4fb,Series,Hindi,Comedy,30
CLCSHICOMbc0f2,Series,Hindi,Comedy,30
CLCSHICOMc2550,Series,Hindi,Comedy,45
CLCSHICOMd787e,Series,Hindi,Comedy,30
CLCSHICOMdeb86,Series,Hindi,Comedy,30
CLCSHICOMdf04b,Series,Hindi,Comedy,30
CLCSHICOMe69e9,Series,Hindi,Comedy,45
CLCSHICOMf215e,Series,Hindi,Comedy,30
CLCSHICOMf9d7f,Series,Hindi,Comedy,30
CLCSHICOMfdf10,Series,Hindi,Comedy,45
CLCSHICRI00d95,Series,Hindi,Crime,45
CLCSHICRI4cd1a,Series,Hindi,Crime,45
CLCSHICRI6b086,Series,Hindi,Crime,30
CLCSHICRI6b585,Series,Hindi,Crime,30
CLCSHICRIf68f0,Series,Hindi,Crime,30
CLCSHIDRA01b12,Series,Hindi,Drama,30
CLCSHIDRA07322,Series,Hindi,Drama,30
CLCSHIDRA0a7cc,Series,Hindi,Drama,30
CLCSHIDRA0cd38,Series,Hindi,Drama,45
CLCSHIDRA12bd3,Series,Hindi,Drama,30
CLCSHIDRA16b68,Series,Hindi,Drama,45
CLCSHIDRA27012,Series,Hindi,Drama,45
CLCSHIDRA301d7,Series,Hindi,Drama,30
CLCSHIDRA35917,Series,Hindi,Drama,20
CLCSHIDRA3ebdc,Series,Hindi,Drama,45
CLCSHIDRA401d2,Series,Hindi,Drama,45
CLCSHIDRA46409,Series,Hindi,Drama,30
CLCSHIDRA485ce,Series,Hindi,Drama,45
CLCSHIDRA68ff1,Series,Hindi,Drama,30
CLCSHIDRA7795d,Series,Hindi,Drama,20
CLCSHIDRA808ff,Series,Hindi,Drama,45
CLCSHIDRA8828f,Series,Hindi,Drama,30
CLCSHIDRA8f62a,Series,Hindi,Drama,20
CLCSHIDRA98161,Series,Hindi,Drama,45
CLCSHIDRA9d823,Series,Hindi,Drama,20
CLCSHIDRAa1a7b,Series,Hindi,Drama,30
CLCSHIDRAac929,Series,Hindi,Drama,30
CLCSHIDRAbf5f6,Series,Hindi,Drama,45
CLCSHIDRAc64f6,Series,Hindi,Drama,30
CLCSHIDRAcbc48,Series,Hindi,Drama,45
CLCSHIDRAcdd1e,Series,Hindi,Drama,45
CLCSHIDRAd13e6,Series,Hindi,Drama,30
CLCSHIDRAd16e6,Series,Hindi,Drama,30
CLCSHIDRAda27d,Series,Hindi,Drama,30
CLCSHIDRAdb317,Series,Hindi,Drama,30
CLCSHIDRAdfe8d,Series,Hindi,Drama,20
CLCSHIDRAe59cf,Series,Hindi,Drama,20
CLCSHIDRAf305b,Series,Hindi,Drama,20
CLCSHIDRAf46ee,Series,Hindi,Drama,20
CLCSHIDRAf58ba,Series,Hindi,Drama,20
CLCSHIDRAf6d36,Series,Hindi,Drama,30
CLCSHIDRAff153,Series,Hindi,Drama,30
CLCSHIFAM5834a,Series,Hindi,Family,45
CLCSHIFAM6e1f0,Series,Hindi,Family,30
CLCSHIFAM785ba,Series,Hindi,Family,30
CLCSHIFAM91d10,Series,Hindi,Family,20
CLCSHIFAMab9fd,Series,Hindi,Family,30
